AAVE,,,,,,,,MORPHO,,,,,,
,DATE,PRICE,LENDING_LOANS,LENDING_DEPOSITS,FEES,TVL,,,DATE,PRICE,LENDING_LOANS,LENDING_DEPOSITS,FEES,TVL
,12/01/2024,209.2326218,12508102189,31424249851,2154107.167,19083985123,,,12/01/2024,1.379014075,1202281112,3181493492,387858,1979212380
,12/02/2024,236.0930012,12510667558,31479725915,2779185.62,19135273467,,,12/02/2024,1.362109958,1205258590,3276189502,405510,2070930912
,12/03/2024,241.8867141,12661635550,31552602862,3322261.833,19062533567,,,12/03/2024,1.525565692,1229762365,3311733384,514766,2081971019
,12/04/2024,255.96661,12737399457,31454492207,2934827.514,18888592943,,,12/04/2024,1.630563779,1255082224,3389589942,460453,2134507718
,12/05/2024,248.5894043,13265162681,32689715049,3834017.831,19594351866,,,12/05/2024,2.398931667,1297494011,3421826289,486814,2124332277
,12/06/2024,281.7551671,13355109531,32790293359,3984139.267,19606678518,,,12/06/2024,2.319018768,1357778160,3591693593,481537,2233915433
,12/07/2024,282.3986183,13777536371,34190754887,2898100.197,20584721300,,,12/07/2024,2.223740114,1380385306,3651648020,433070,2271262715
,12/08/2024,284.2814203,13638093403,34230070182,2247717.516,20763438119,,,12/08/2024,2.112957997,1409697761,3725283730,573500,2315585968
,12/09/2024,259.1372751,13886274610,34698916208,4858692.79,20984150078,,,12/09/2024,1.748220385,1430717957,3675524934,503771,2244806977
,12/10/2024,273.2796273,13347728955,32790730358,3099079.469,19614504149,,,12/10/2024,2.135232339,1427107551,3657261615,539930,2230154063
,12/11/2024,301.1653281,13461944495,32629874208,2635557.307,19338760352,,,12/11/2024,2.270467118,1457358726,3771859532,582625,2314500806
,12/12/2024,367.6425225,13976730863,34203987008,3124431.445,20392425350,,,12/12/2024,2.475082741,1467652377,3843656652,552709,2376004275
,12/13/2024,375.6032566,14127359356,34637382677,2488005.803,20672266047,,,12/13/2024,2.962039247,1494105005,3887341058,492233,2393236052
,12/14/2024,365.9950537,14062609723,34916386890,2567822.48,21014851028,,,12/14/2024,2.676046625,1508870361,3927547958,465592,2418677597
,12/15/2024,372.2407974,14086262333,34891304439,2552825.521,20963312837,,,12/15/2024,2.84996384,1535190970,4006904873,505697,2471713903
,12/16/2024,379.8970965,14453329266,35741319435,2546769.366,21445307599,,,12/16/2024,2.691648128,1582290908,4100630530,542062,2518339622
,12/17/2024,361.4677144,14557510011,36065563743,2921553.895,21667731638,,,12/17/2024,2.624093851,1588669024,4123574223,555150,2534905198
,12/18/2024,340.7055705,14332554628,35457798903,3391808.508,21282850747,,,12/18/2024,2.794301869,1627572473,4115822434,549037,2488249961
,12/19/2024,316.7226714,13788008760,33219353548,2968650.383,19589031920,,,12/19/2024,2.452685395,1638630486,4213504923,768573,2574874436
,12/20/2024,329.2110317,13309361297,32190856930,3008777.824,19037922420,,,12/20/2024,2.790036878,1670584953,4356985340,691281,2686400387
,12/21/2024,298.0383622,13446701796,32370023832,2758755.024,19078016273,,,12/21/2024,2.270177529,1696485638,4465057415,525542,2768571777
,12/22/2024,316.8074825,13218563393,31770756526,2697092.469,18703924906,,,12/22/2024,2.257991566,1684251639,4405928700,576437,2721677061
,12/23/2024,383.4879779,13101286262,31384875336,2682630.163,18435204541,,,12/23/2024,2.761130118,1745395281,4422866450,614055,2677471169
,12/24/2024,376.2119054,13389330596,32154522448,2522282.986,18915916346,,,12/24/2024,2.788358674,1714972629,4363724969,601232,2648752340
,12/25/2024,368.6648877,13634845369,33306998745,2535698.407,19822155486,,,12/25/2024,3.062682742,1766773729,4612249210,685246,2845475482
,12/26/2024,337.4587811,13631772280,33294365075,2521665.581,19811900575,,,12/26/2024,2.925064237,1721024461,4572661756,667226,2851637295
,12/27/2024,323.6353726,13308084247,32323954264,2555057.846,19164610980,,,12/27/2024,3.02407969,1773065903,4640409581,644708,2867343677
,12/28/2024,353.3013062,13339134528,32262238616,2562747.228,19069800738,,,12/28/2024,3.037606004,1753662467,4551680100,497711,2798017633
,12/29/2024,331.8686174,13517806919,32878391635,2535021.688,19506973532,,,12/29/2024,2.839668581,1837446882,4718877500,639659,2881430618
,12/30/2024,321.1668772,13400844361,32655783245,2603677.349,19401518228,,,12/30/2024,2.95829086,1837201986,4716609800,592698,2879407814
,12/31/2024,308.787802,13366533525,32426544178,2288219.428,19206052300,,,12/31/2024,3.4800747,1841048630,4690788595,609195,2849739965
,01/01/2025,318.8993759,13293164314,32436247563,2321451.964,19289259733,,,01/01/2025,3.365013927,1864129310,4776744514,601946,2912615204
,01/02/2025,332.9840504,13388982003,32889932631,2557294.926,19647194379,,,01/02/2025,3.285447312,1915736630,4887924573,577208,2972187943
,01/03/2025,349.979023,13569635099,33389302008,2382833.199,19966274285,,,01/03/2025,3.275746519,1974277672,5077847941,622049,3103570268
,01/04/2025,351.7847507,13911672369,34037048578,2391035.397,20271268210,,,01/04/2025,3.346554104,2013057376,5168652099,659396,3155594723
,01/05/2025,342.2394985,14088377754,34438069267,2518271.5,20496061682,,,01/05/2025,3.579627569,2077488122,5299985068,644277,3222496947
,01/06/2025,340.7017506,13982584194,34324985303,2516991.219,20488975529,,,01/06/2025,3.291241024,2127215348,5376552651,670639,3249337304
,01/07/2025,307.2304478,14113832405,34825998561,2909099.231,20858789837,,,01/07/2025,3.287561414,2077004978,5199406690,638568,3122401712
,01/08/2025,293.9515359,13429100912,32296071298,2812632.996,19014683258,,,01/08/2025,3.408147861,2086587790,5190680086,677779,3104092296
,01/09/2025,281.30585,13300932517,32043437883,2806210.636,18890720996,,,01/09/2025,2.987476683,2043639502,5112221343,626663,3068581841
,01/10/2025,286.5185604,12970140744,31375444107,2251625.124,18553414422,,,01/10/2025,2.731088544,1961155092,5045049945,862237,3083894854
,01/11/2025,287.5031883,13157273705,32143097590,2437218.144,19132741975,,,01/11/2025,2.74003801,1997717877,5115651838,791903,3117933961
,01/12/2025,288.5526582,13168683279,32270592473,2434129.547,19246842929,,,01/12/2025,2.616741537,2041779504,5054909698,589709,3013130194
,01/13/2025,289.8852228,13093972369,32482839741,2954955.949,19534337876,,,01/13/2025,2.473742907,2037541425,5000645998,597784,2963104573
,01/14/2025,295.7984842,12797335030,31820766343,2139051.428,19168092593,,,01/14/2025,2.458577508,2068840269,5061677806,556057,2992837537
,01/15/2025,320.2251205,13180777401,32704456777,2396618.656,19669033524,,,01/15/2025,3.050884186,2072882621,5106976435,557410,3034093815
,01/16/2025,311.1625516,13800078460,34328927483,2156983.937,20675540653,,,01/16/2025,3.676459855,2078402062,5094593651,592208,3016191589
,01/17/2025,335.6190365,13489465559,33466407122,2287947.02,20124762660,,,01/17/2025,3.912588543,2193080007,5387124199,519667,3194044192
,01/18/2025,316.6514079,14181295581,34945684597,2317001.445,20913197917,,,01/18/2025,3.932751083,2222460418,5483279671,615305,3260819253
,01/19/2025,310.1340295,13817352645,34139131822,2499678.049,20475144115,,,01/19/2025,3.424872757,2195903012,5351927036,658484,3156024024
,01/20/2025,336.5207265,13729261641,33346396040,2382337.821,19771391287,,,01/20/2025,3.268701882,2173834397,5345484839,647539,3171650442
,01/21/2025,370.5401626,13939876536,33950778017,2520369.43,20165862933,,,01/21/2025,3.300100289,2206140579,5494858120,574628,3288717541
,01/22/2025,346.303281,14034155317,34423092162,2449873.952,20543949217,,,01/22/2025,3.314460213,2195038103,5458064232,560557,3263026129
,01/23/2025,337.5390313,13841081218,33847641547,2605800.379,20161507204,,,01/23/2025,3.298703176,2219910267,5528345255,559008,3308434988
,01/24/2025,334.6509955,14080273104,34540436272,2279045.38,20616863434,,,01/24/2025,3.287001472,2229364326,5596608594,553859,3367244267
,01/25/2025,326.3954853,14002874237,34378822336,2222502.427,20533794517,,,01/25/2025,2.922063196,2222564855,5607087434,568628,3384522579
,01/26/2025,317.1673274,13990231095,34520271629,2510397.309,20690042599,,,01/26/2025,2.995669264,2222154656,5585262154,464874,3363107498
,01/27/2025,303.5674168,13756380687,33898993236,2538771.618,20302121051,,,01/27/2025,3.073744827,2208809868,5466859548,627104,3258049679
,01/28/2025,284.2462053,13584419433,33176043292,2572438.131,19751538597,,,01/28/2025,3.105797429,2190402101,5499177626,515233,3308775525
,01/29/2025,291.4031374,13405408296,32989259404,2156285.174,19743836470,,,01/29/2025,3.137590491,2194764424,5516914032,526491,3322149608
,01/30/2025,315.7733256,13590532702,33521385015,2049530.342,20095848473,,,01/30/2025,3.204031201,2248653662,5648750018,558257,3400096356
,01/31/2025,333.029706,14019743441,34577084107,2166557.518,20722340164,,,01/31/2025,3.135249401,2313253829,5733136100,595139,3419882271
,02/01/2025,297.6757658,13963704555,34583214145,2081394.76,20784505364,,,02/01/2025,2.759398599,2301749272,5703604617,678021,3401855345
,02/02/2025,256.3286962,13538898773,33408422416,3295348.9,20034531177,,,02/02/2025,2.330030035,2220197285,5527128626,624558,3306931341
,02/03/2025,276.4818014,12849816608,31485934971,13560164.4,18799593812,,,02/03/2025,2.378891434,2155258518,5451931251,874215,3296672733
,02/04/2025,272.9206795,12873225350,32094918447,2443114.764,19379581891,,,02/04/2025,2.064886834,2100893211,5287638293,587559,3186745082
,02/05/2025,259.5821143,12476018019,30986026177,1835408.636,18675010641,,,02/05/2025,1.937377461,2105669933,5283918360,616913,3178248427
,02/06/2025,240.9941258,12477506307,31017088010,1867937.533,18704582848,,,02/06/2025,1.848702405,2077090021,5254483913,548826,3177393893
,02/07/2025,237.4662436,12256874278,30589081236,1933846.011,18502189402,,,02/07/2025,1.773554839,2066904194,5245166918,496344,3178262724
,02/08/2025,239.7335179,12096205529,30244058247,1523236.597,18316964871,,,02/08/2025,2.036824733,2075162251,5224672446,581854,3149510195
,02/09/2025,241.8715102,12063001055,30461850051,1825849.192,18568847950,,,02/09/2025,2.034892593,2061898022,5201950542,501367,3140052520
,02/10/2025,251.3142818,11947456164,30247831821,1469331.168,18470366619,,,02/10/2025,2.000710374,2082330961,5299564354,543092,3217233394
,02/11/2025,244.2515242,11915753932,30427780468,1707618.711,18685596355,,,02/11/2025,1.91133374,2091904935,5338087387,490026,3246182452
,02/12/2025,252.780439,11584561537,29714905571,1540785.566,18303492861,,,02/12/2025,2.002444419,2139460244,5498176189,477806,3358715945
,02/13/2025,256.1576528,11941259366,30635616833,1308120.099,18866992876,,,02/13/2025,2.048323263,2120666664,5488847572,489654,3368180908
,02/14/2025,263.3208039,11822264822,30311915856,1392814.049,18664921552,,,02/14/2025,2.19549089,2129842155,5521510586,470306,3391668432
,02/15/2025,253.0389099,11901483457,30721136323,1415498.599,18996337317,,,02/15/2025,2.17425386,2128527434,5516732555,457335,3388205121
,02/16/2025,253.4474625,11833946663,30528111676,1440387.506,18871674206,,,02/16/2025,2.119262611,2108372971,5447134143,459659,3338761172
,02/17/2025,263.7679329,11745635177,30178139150,1291010.938,18611071645,,,02/17/2025,2.144125756,2126377502,5495414319,487062,3369036817
,02/18/2025,249.4881809,11903397051,30627217446,1460323.6,18902467183,,,02/18/2025,2.019426147,2119860250,5477049188,430344,3357188938
,02/19/2025,252.6992623,11655616719,30052092153,1465123.301,18574526718,,,02/19/2025,2.230149351,2139219913,5533256200,476418,3394036286
,02/20/2025,261.8186801,11811490600,30470011596,1360125.123,18836079593,,,02/20/2025,2.358968089,2110968017,5459217105,496769,3348249088
,02/21/2025,242.2378146,11954392173,30897068810,3428395.477,19125224160,,,02/21/2025,2.133824687,2097021279,5312913154,470057,3215891874
,02/22/2025,247.1829945,12109420815,30540873386,1436493.685,18615238747,,,02/22/2025,2.236596897,2111609343,5408801744,449349,3297192402
,02/23/2025,247.8161926,12287260448,30847485834,1686548.148,18743380411,,,02/23/2025,2.214485904,2121666153,5252239339,443942,3130573185
,02/24/2025,210.0690035,12516421211,31731773462,1848607.891,19401933890,,,02/24/2025,1.906105376,2079447156,4919742457,542010,2840295301
,02/25/2025,205.0070396,11770513408,29738511036,3390139.27,18156452700,,,02/25/2025,1.973668393,1921209221,4699166272,704740,2777957051
,02/26/2025,201.9189072,11583844720,29604201359,3052917.968,18206672183,,,02/26/2025,2.017959584,1953499044,4678323613,732394,2724824569
,02/27/2025,203.2209713,11193017471,28192720462,1624347.667,17185595386,,,02/27/2025,2.425182457,1934308607,4618785494,539687,2684476887
,02/28/2025,192.6467372,10998250678,28083194955,3581232.407,17270262785,,,02/28/2025,2.102066339,1904953006,4655483821,435470,2750530815
,03/01/2025,194.7605464,10708518714,27734398413,1451550.239,17208414491,,,03/01/2025,2.025506472,1907246890,4670515101,433556,2763268211
,03/02/2025,223.3948304,10668702178,27826469242,1394564.245,17340954775,,,03/02/2025,2.172700527,1966666022,4848515372,449123,2881849350
,03/03/2025,181.1211862,11504791848,30365652759,1463378.915,19047156438,,,03/03/2025,1.812371466,1876890846,4640523592,418747,2763632745
,03/04/2025,206.0942606,10516818015,27491664672,1997909.532,17160314028,,,03/04/2025,1.735196423,1864552267,4640022201,417632,2775469934
,03/05/2025,221.9014167,10537671837,27642579099,1313436.218,17288755362,,,03/05/2025,1.733892715,1853245690,4663533064,392841,2810287373
,03/06/2025,208.9695661,10727150457,28375824826,1191703.972,17832665995,,,03/06/2025,1.582795457,1833156257,4637877954,362731,2804721697
,03/07/2025,197.1110883,10603778569,28011881030,1205379.175,17591942768,,,03/07/2025,1.56150215,1822861246,4585472056,384637,2762610810
,03/08/2025,195.6984686,10460257476,27432723947,1174248.62,17155527122,,,03/08/2025,1.512567783,1830862628,4590513518,354813,2759650890
,03/09/2025,178.245717,10699179436,27828145892,1591507.725,17310926683,,,03/09/2025,1.248656175,1793640244,4448764442,384483,2655124198
,03/10/2025,181.410868,10237397851,26376919082,3706130.765,16320366232,,,03/10/2025,1.175141331,1751135197,4348245755,340442,2597110558
,03/11/2025,182.1872259,9633716865,25146749104,1876010.544,15691107198,,,03/11/2025,1.196596279,1786129991,4500033731,347079,2713903740
,03/12/2025,175.0281654,9714317141,25607965283,1334735.286,16071356438,,,03/12/2025,1.31904458,1787744996,4519833551,309422,2732088555
,03/13/2025,162.5751127,9603120250,25601466214,1057766.795,16176576404,,,03/13/2025,1.273373572,1751402896,4433016121,360973,2681613225
,03/14/2025,173.2207972,9587995608,25308902644,994459.7385,15896834299,,,03/14/2025,1.276976136,1772973771,4489573962,314469,2716600191
,03/15/2025,173.1825618,9788353947,26141047798,984750.3744,16530314086,,,03/15/2025,1.32235521,1770161885,4475737038,311657,2705575153
,03/16/2025,165.0271864,9905102721,26439993312,1077253.04,16712406963,,,03/16/2025,1.247839395,1755067992,4444383957,318863,2689315965
,03/17/2025,174.9264558,9825851271,26043886717,1082757.27,16394128485,,,03/17/2025,1.299166517,1745587449,4447046842,353354,2701459393
,03/18/2025,169.6477185,9944034858,26418758654,1077198.089,16649756327,,,03/18/2025,1.304236144,1739809051,4470952819,330779,2731143768
,03/19/2025,183.3170145,9936818814,26329967514,1155134.736,16567811657,,,03/19/2025,1.393052459,1789799938,4622834649,313758,2833034710
,03/20/2025,178.2585994,10362825397,26879884536,939213.1834,16692841010,,,03/20/2025,1.343724942,1733240012,4426648928,339167,2693408916
,03/21/2025,177.9710105,10235147108,26347325149,975742.5415,16288378786,,,03/21/2025,1.329813273,1759819199,4448790361,388246,2688971162
,03/22/2025,179.7787948,10376904671,26671851803,1000380.996,16472835429,,,03/22/2025,1.350043403,1771422523,4479522700,301983,2708100177
,03/23/2025,184.6616068,10536493565,27090715428,1025999.593,16732205908,,,03/23/2025,1.348119379,1764030906,4514342114,342517,2750311208
,03/24/2025,190.0070542,10636711847,27693940011,950238.3632,17233758857,,,03/24/2025,1.413283967,1771405113,4598287428,282709,2826882315
,03/25/2025,186.8758122,10932419397,28665690194,1110299.611,17910168709,,,03/25/2025,1.455566167,1749209102,4590787498,291120,2841578395
,03/26/2025,177.574335,11048499868,28853868626,1003202.434,17979401586,,,03/26/2025,1.468363788,1725470418,4549203874,270776,2823733456
,03/27/2025,184.6575989,10896075266,28438660463,953421.4308,17716032305,,,03/27/2025,1.565178806,1520581176,4286620847,235813,2766039671
,03/28/2025,175.549626,10937552729,28532525961,1141881.719,17768743190,,,03/28/2025,1.404772507,1570746306,4190580331,257294,2619834025
,03/29/2025,167.9353728,10702531336,27670620553,1113416.394,17141737718,,,03/29/2025,1.283048523,1563720401,4153767671,240435,2590047271
,03/30/2025,163.1676749,10501981217,27049755071,1105890.892,16720348013,,,03/30/2025,1.229892588,1486735921,3964695541,216375,2477959619
,03/31/2025,159.5859509,10440141441,25928459324,935041.6974,15660975800,,,03/31/2025,1.217944349,1509093948,4079920037,210755,2570826089
,04/01/2025,166.4354034,10423288951,26218825061,1031106.577,15967625924,,,04/01/2025,1.249378082,1575136031,4096123734,218337,2520987703
,04/02/2025,150.4167862,10622550606,27113787666,1160919.334,16663295269,,,04/02/2025,1.107827913,1582816586,4035744847,246990,2452928261
,04/03/2025,151.5012372,10269384752,26109277463,1020835.869,16012005778,,,04/03/2025,1.128795224,1582621901,4166637271,240564,2584015370
,04/04/2025,151.7745634,10270642067,26383007956,932506.5169,16282935113,,,04/04/2025,1.148318567,1606353460,4153420161,229975,2547066701
,04/05/2025,152.8737805,10219278711,26483092844,938151.2509,16434168157,,,04/05/2025,1.147893769,1591598045,4111235009,227895,2519636964
,04/06/2025,129.3359532,10172758605,26391427810,4161569.966,16388682342,,,04/06/2025,0.9062116795,1525555004,3894323709,253852,2368768705
,04/07/2025,132.1269126,9477568478,24690446516,3770950.636,15375958355,,,04/07/2025,0.983638361,1465872208,3842152664,261930,2376280456
,04/08/2025,124.9537431,9239489253,24715491866,1070872.118,15629844554,,,04/08/2025,0.9474928462,1439261336,3731187326,209706,2291925990
,04/09/2025,142.8683091,9006241572,24061288249,976585.5657,15208296480,,,04/09/2025,1.067820816,1490476796,3832312576,214374,2341835780
,04/10/2025,132.1244658,9556335612,26017319711,985407.6746,16613018684,,,04/10/2025,0.9986984496,1485747254,3761727391,230512,2275980137
,04/11/2025,136.0441434,9210091296,24905809435,834675.4957,15848426081,,,04/11/2025,0.9945074664,1439011466,3707514050,278738,2268502584
,04/12/2025,147.9640471,9515273491,25677788478,904187.503,16314021573,,,04/12/2025,1.036631946,1460055666,3760054170,239643,2299998504
,04/13/2025,139.0702476,9725737026,25954790941,961515.2951,16381791336,,,04/13/2025,0.9679455524,1468203342,3751008572,218053,2282805230
,04/14/2025,137.2065854,9661941149,25856889729,881022.4864,16347718668,,,04/14/2025,0.9789861078,1479348131,3791989413,241383,2312641282
,04/15/2025,134.1201999,9753510134,26312712193,977779.4951,16711970298,,,04/15/2025,0.8773169046,1465784723,3788028099,216221,2322243376
,04/16/2025,133.9459742,9632346864,26200301501,779763.9141,16720009309,,,04/16/2025,0.8552074344,1469936630,3779097688,209491,2309161058
,04/17/2025,138.6833036,9664340537,26316454404,890430.8592,16805053270,,,04/17/2025,0.9138365148,1459831037,3762833144,206932,2303002106
,04/18/2025,138.6448599,9649423680,26291559263,838299.3089,16795386407,,,04/18/2025,0.9095285731,1460631653,3723773749,239161,2263142096
,04/19/2025,142.0666527,9713663746,26327172094,867333.0298,16766412079,,,04/19/2025,0.9378448847,1461809589,3740909794,214103,2279100206
,04/20/2025,140.8330651,9833807336,26637420793,840365.0073,16957762099,,,04/20/2025,0.9206866719,1465981340,3739015113,217780,2273033773
,04/21/2025,142.6405652,9740223884,26498154328,925722.6966,16912692960,,,04/21/2025,0.9187676262,1458089787,3737404094,223982,2279314307
,04/22/2025,158.5846968,9727293188,25826894899,1009482.238,16255204093,,,04/22/2025,1.009622112,1487277356,3933601569,249656,2446324212
,04/23/2025,167.5049628,10376442015,28033299096,828258.9516,17812031684,,,04/23/2025,1.156948031,1437591039,3712826445,206497,2275235406
,04/24/2025,167.8671316,10439388472,28605507703,950186.3894,18321354127,,,04/24/2025,1.157493657,1523527174,4000855069,214258,2477327895
,04/25/2025,166.8542484,10361653329,28681635007,906402.7342,18475734718,,,04/25/2025,1.188348365,1447421411,3767174358,202380,2319752947
,04/26/2025,172.7346751,10611459821,29249374139,927207.1018,18793839671,,,04/26/2025,1.288512678,1542596506,4054835939,203338,2512239433
,04/27/2025,166.8308095,10533883978,29008090642,895101.1678,18634857940,,,04/27/2025,1.210438599,1550607860,4074186097,201545,2523578237
,04/28/2025,166.5070061,10479019963,29005841468,924341.5616,18684352768,,,04/28/2025,1.187966029,1566540235,4062153817,226218,2495613582
,04/29/2025,165.8088001,10432548472,29003166601,918585.7254,18728142430,,,04/29/2025,1.200469866,1573569975,4084203479,216586,2510633504
,04/30/2025,164.5548214,10463553936,28848755223,904401.2322,18543458902,,,04/30/2025,1.200170235,1542434306,4036641819,226951,2494207513
,05/01/2025,173.0396843,10530050104,28971828552,901452.3399,18600568937,,,05/01/2025,1.445724199,1559881014,4078985837,228637,2519104823
,05/02/2025,174.8545721,10942484419,29904061413,950479.2828,19126082661,,,05/02/2025,1.424784257,1589079198,4169575637,220079,2580496439
,05/03/2025,178.0779969,11040440800,30361068789,1052130.62,19487091227,,,05/03/2025,1.358360963,1587983862,4170622090,194539,2582638228
,05/04/2025,171.6069957,10946912746,30212413457,992551.2095,19431960780,,,05/04/2025,1.352759939,1528699969,4093031442,219274,2564331474
,05/05/2025,177.645214,10959854352,29939563739,924303.8097,19147538452,,,05/05/2025,1.386470358,1489391369,3967723591,218988,2478332222
,05/06/2025,178.1690843,11105011777,30068528985,1089959.352,19132057496,,,05/06/2025,1.347176101,1490434133,3953279971,188854,2462845838
,05/07/2025,172.0152086,11170634863,30250087375,964728.0084,19248268358,,,05/07/2025,1.263477497,1500833547,3965929922,194691,2465096375
,05/08/2025,205.0432403,11222114843,29370880009,1123341.382,18317977107,,,05/08/2025,1.500099118,1568361832,4233224171,203149,2664862338
,05/09/2025,211.1435863,12522077878,33334202585,1093484.193,20983849259,,,05/09/2025,1.495943423,1611882788,4318986391,234898,2707103603
,05/10/2025,228.6779838,13081576339,34988931810,1267046.411,22084262940,,,05/10/2025,1.694592132,1663679301,4481131442,204253,2817452141
,05/11/2025,220.4815611,13896274352,37220897564,1240669.709,23502470571,,,05/11/2025,1.600141925,1696601943,4520469449,228857,2823867506
,05/12/2025,221.5489628,13798107456,36545996277,1271517.067,22926135506,,,05/12/2025,1.620121481,1705308367,4528823964,251480,2823515597
,05/13/2025,235.5482609,14181645427,36767034715,1441604.811,22765176405,,,05/13/2025,1.742538921,1729714514,4639365403,232668,2909650890
,05/14/2025,229.371851,14816603224,38294974413,1371609.338,23658253302,,,05/14/2025,1.671569321,1753337043,4640398250,262379,2887061207
,05/15/2025,222.6444876,14458437657,36772261222,1565310.356,22493643727,,,05/15/2025,1.647117883,1771537777,4668270745,249615,2896732969
,05/16/2025,231.835018,13942783982,35713615474,1378074.31,21950114478,,,05/16/2025,1.618173842,1800673502,4714680430,263531,2914006929
,05/17/2025,222.4507494,14219595035,35833420276,1318751.911,21793825905,,,05/17/2025,1.523587802,1791672948,4702526525,259616,2910853578
,05/18/2025,228.0540386,14147025848,35988922179,1810222.348,22021901642,,,05/18/2025,1.617222304,1805205005,4778263576,256561,2973058571
,05/19/2025,247.1293046,14276393946,36915590533,1133828.794,22816250694,,,05/19/2025,1.662117725,1841208413,4848668701,286723,3007460288
,05/20/2025,258.5491046,14307853090,36857735577,1421322.238,22729678749,,,05/20/2025,1.67513944,1848691201,4887584921,260387,3038893720
,05/21/2025,249.7026906,14483334386,37249710013,1427917.225,22945812002,,,05/21/2025,1.674069203,1877930993,4988678449,272285,3110747457
,05/22/2025,256.0658324,14709655356,37802408446,1327036.528,23271423305,,,05/22/2025,1.711096379,1862172918,5072258567,256970,3210085648
,05/23/2025,255.2557328,15063012003,39145893007,1539977.994,24258601785,,,05/23/2025,1.527840976,1912208937,5086425359,375164,3174216422
,05/24/2025,261.3065429,14691285103,37827113493,1339700.727,23307444567,,,05/24/2025,1.510543651,1919059419,5110421399,285699,3191361980
,05/25/2025,266.8717619,14644510117,37946420827,1472534.8,23471704919,,,05/25/2025,1.505658116,1918067114,5136682142,277829,3218615027
,05/26/2025,267.3689844,14553632780,37803551308,1365488.853,23419392929,,,05/26/2025,1.470811464,1918331762,5200495135,282413,3282163373
,05/27/2025,272.0587567,14700504626,38211404472,1405095.222,23680106864,,,05/27/2025,1.487733461,1931864358,5245379979,277367,3313515621
,05/28/2025,263.9500674,15123997171,39023644255,1447044.999,24068811717,,,05/28/2025,1.444552975,1873388075,5128515281,271692,3255127206
,05/29/2025,250.4798467,15289877174,39125693252,1388697.796,24004441536,,,05/29/2025,1.398576454,1819136199,5049474414,268922,3230338215
,05/30/2025,251.6756465,15227702594,38561295930,1612292.342,23502018859,,,05/30/2025,1.278157271,1802046328,5020436104,270127,3218389776
,05/31/2025,248.5265484,14828525645,37650212028,1369228.667,22992851650,,,05/31/2025,1.319693806,1783138046,5017569667,250651,3234431622
,06/01/2025,246.7340799,15086931083,38113679961,1524282.056,23197836707,,,06/01/2025,1.36089415,1808611081,5064073215,255282,3255462134
,06/02/2025,257.5926687,15117800137,38391302895,1610969.25,23443005290,,,06/02/2025,1.358226042,1818816585,4912995822,271656,3094179237
,06/03/2025,266.8594914,15371417451,38948315084,1456004.614,23749007320,,,06/03/2025,1.396143827,1840819114,5055270207,262971,3214451093
,06/04/2025,265.3573855,15411558066,39030520992,1605710.652,23791110327,,,06/04/2025,1.388467054,1935259482,5155737906,289267,3220478424
,06/05/2025,242.5135044,15572237630,39234894181,2103240.376,23835184856,,,06/05/2025,1.269236053,1915183137,5062209013,324637,3147025876
,06/06/2025,251.2376375,14812622647,37262889119,1466490.81,22623378318,,,06/06/2025,1.301144296,1964191220,5318975004,306283,3354783784
,06/07/2025,257.8668173,15090914046,38176754602,1686556.548,23261480759,,,06/07/2025,1.384182906,1995558419,5386216689,280981,3390658270
,06/08/2025,254.3667563,15295707564,38817252073,1612505.645,23697798812,,,06/08/2025,1.385819257,2005843159,5381924017,323800,3376080857
,06/09/2025,284.7209586,15291581130,38710663857,1773414.353,23598053741,,,06/09/2025,1.522165579,2057406536,5606148920,338031,3548742384
,06/10/2025,308.0276772,15600110300,39472233099,1641860.685,24052005539,,,06/10/2025,1.598949266,2088210393,5738114050,291764,3649903657
,06/11/2025,304.2074518,16317750319,41324643859,1727106.768,25186689478,,,06/11/2025,1.581323004,2129414267,5729893503,295671,3600479235
,06/12/2025,294.6846905,16349572969,41148999783,1693714.152,24978639093,,,06/12/2025,1.492007731,2116453273,5649736543,336705,3533283270
,06/13/2025,289.8653416,15903579602,40151808902,1639310.644,24428075667,,,06/13/2025,1.445177534,2130943031,5683652474,283729,3552709442
,06/14/2025,276.8205159,15581024969,39298302621,1773288.799,23897251515,,,06/14/2025,1.39761262,2139419660,5681943895,319180,3542524235
,06/15/2025,274.4220456,15487168142,38986556218,1618340.845,23679174509,,,06/15/2025,1.409362529,2148662314,5705033745,294617,3556371431
,06/16/2025,277.5082945,15566064774,39102874258,1682273.884,23716819692,,,06/16/2025,1.456920341,2171153163,5764027533,327592,3592874370
,06/17/2025,267.4203453,15617784155,40258975366,1514858.44,24821122443,,,06/17/2025,1.367807298,2181377408,5935755332,308355,3754377925
,06/18/2025,258.3624389,15544893631,39773707321,1553539.964,24406260004,,,06/18/2025,1.363111515,2207498218,6005073364,303917,3797575146
,06/19/2025,255.7344033,15536044805,39739283626,1510438.932,24387782340,,,06/19/2025,1.286344354,2214959773,6000727326,292616,3785767553
,06/20/2025,247.2644041,15531222432,39701076717,1717119.951,24354214944,,,06/20/2025,1.190964534,2210737504,5921380915,297872,3710643411
,06/21/2025,231.713187,15171984072,38482648869,1832342.539,23499403792,,,06/21/2025,1.1376059,2195784037,5842586414,296838,3646802376
,06/22/2025,227.5557134,14917249605,37456997562,1609128.45,22724324862,,,06/22/2025,1.163083192,2183829365,5765202965,316643,3581373600
,06/23/2025,258.018653,14586231992,36107983730,1620385.585,21720877189,,,06/23/2025,1.367171095,2221009835,6057243804,305621,3836233969
,06/24/2025,263.6299738,15275087340,38548766561,1413091.416,23473207690,,,06/24/2025,1.398824295,2240256126,6126385589,291859,3886129463
,06/25/2025,255.232179,15294859864,38788795121,1607397.615,23679381067,,,06/25/2025,1.389411831,2239968424,6121368849,306289,3881400425
,06/26/2025,250.241406,15206280639,38962971928,1465637.515,23938393084,,,06/26/2025,1.358434229,2256884193,6138942727,290696,3882058534
,06/27/2025,259.1107113,15109108039,38353362909,1586091.001,23420625565,,,06/27/2025,1.343915171,2225865474,6044842912,308879,3818977438
,06/28/2025,260.2423254,15120682851,38628238019,1354607.024,23682809515,,,06/28/2025,1.377018145,2230055825,6068849156,298440,3838793331
,06/29/2025,278.1646294,15194052849,38884750623,1551112.579,23865801931,,,06/29/2025,1.425600285,2224674368,6083072800,300143,3858398433
,06/30/2025,275.0395904,15380644061,39498379183,1306403.059,24292972337,,,06/30/2025,1.347041163,2268145829,6140809165,313477,3872663337
,07/01/2025,260.0499457,15372034338,39182445572,1509858.912,23986310192,,,07/01/2025,1.277693229,2253629580,6079304698,309892,3825675118
,07/02/2025,276.3739006,15244101004,38504182531,1571098.642,23435957541,,,07/02/2025,1.38519694,2291116274,6243849943,304031,3952733668
,07/03/2025,279.3381635,15867839208,40307006950,1500604.784,24616788940,,,07/03/2025,1.408604732,2313005180,6324251027,313804,4011245846
,07/04/2025,265.8420386,16113138914,41125142949,1643899.845,25012004035,,,07/04/2025,1.343966478,2303110694,6424979512,287475,4121868818
,07/05/2025,273.6402688,16118351090,40644346346,1557271.341,24525995256,,,07/05/2025,1.357162258,2318948150,6476500630,323450,4157552479
,07/06/2025,286.3573328,16239850987,41052062500,1688480.855,24812211513,,,07/06/2025,1.391772478,2345250222,6558287809,300949,4213037588
,07/07/2025,283.3668712,16483487522,41671527492,1606082.608,25188039970,,,07/07/2025,1.352605922,2355923456,6527282121,318640,4171358666
,07/08/2025,293.204956,16337437470,41275280397,1679707.301,24937842927,,,07/08/2025,1.408640231,2375068736,6579081675,326098,4204012939
,07/09/2025,302.079288,16611685978,42003052993,1760283.955,25391367014,,,07/09/2025,1.580993036,2423402508,6776554601,315868,4353152093
,07/10/2025,309.1238591,17278301220,43910275311,1708907.83,26631974091,,,07/10/2025,1.694311089,2466105454,6951597487,342248,4485492033
,07/11/2025,297.7894759,18109122355,45767414850,1727632.701,27658292495,,,07/11/2025,1.7001157,2493436993,7080458916,365661,4587021923
,07/12/2025,301.4912957,18316108342,45889798577,1971176.62,27573690235,,,07/12/2025,1.668887456,2443051842,7057249703,384310,4614197861
,07/13/2025,306.2924037,18237336935,45818509465,1995523.797,27581172530,,,07/13/2025,1.909081221,2467409027,7150175631,375421,4682766604
,07/14/2025,314.7467089,18549776380,46698961326,1865286.417,28149184946,,,07/14/2025,1.825675702,2503896226,7210169297,413244,4706273071
,07/15/2025,326.9524192,18727287206,47167510299,2396337.191,28440223092,,,07/15/2025,2.106182804,2540839874,7238521284,454842,4697681410
,07/16/2025,323.2513358,19073977029,48106289896,2640294.487,29032312868,,,07/16/2025,2.086032156,2640010331,7538493097,465581,4898482766
,07/17/2025,321.5417784,19709952396,48662711564,2452902.624,28952759167,,,07/17/2025,2.078213623,2696230835,7700689688,495059,5004458853
,07/18/2025,324.6914208,20156447616,49734228272,2679962.417,29577780655,,,07/18/2025,2.049135541,2659221360,7574000356,526175,4914778996
,07/19/2025,319.0420842,20362324718,50618483264,2634017.998,30256158546,,,07/19/2025,2.002151571,2674579540,7614345627,458148,4939766087
,07/20/2025,324.5934044,20535090620,51313895248,2218234.912,30778804628,,,07/20/2025,2.166007749,2745102248,7777227260,474944,5032125012
,07/21/2025,322.4052593,21237275734,53364612318,2842175.346,32127336584,,,07/21/2025,2.033175948,2807129054,7938656987,520157,5131527933
,07/22/2025,310.7413438,21352553915,53275281163,2972767.252,31922727248,,,07/22/2025,2.031069178,2827275929,8025447396,554046,5198171467
,07/23/2025,290.7872273,21506333486,53369832100,2853729.216,31863498614,,,07/23/2025,1.891178408,2843076220,8028887877,549125,5185811656
,07/24/2025,286.8159989,21210739344,52707671846,2405462.894,31496932502,,,07/24/2025,1.912838266,2924161394,8186063544,524117,5261902149
,07/25/2025,294.1442768,21461336640,53399967086,2156811.936,31938630446,,,07/25/2025,1.944077662,3086121585,8584993127,533393,5498871542
,07/26/2025,295.1256472,21315631350,53239391695,2202064.189,31923760345,,,07/26/2025,1.968701168,3127788075,8696862615,534892,5569074540
,07/27/2025,305.2630719,21562073431,53732326486,2278094.909,32170253055,,,07/27/2025,1.962339181,3131601839,8776265965,539749,5644664126
,07/28/2025,288.0436917,22329748782,55899694142,2222255.698,33569945360,,,07/28/2025,1.757963995,3104305097,8647070366,554065,5542765269
,07/29/2025,281.7085064,22363006181,55381123660,2308386.41,33018117479,,,07/29/2025,1.803555335,3147345873,8721315104,523958,5573969231
,07/30/2025,274.2614771,22575825478,55683524574,2461334.568,33107699096,,,07/30/2025,1.806358002,3197202834,8725513075,548180,5528310241
,07/31/2025,260.8080766,23198670615,56568784971,2288938.962,33370114356,,,07/31/2025,1.738120844,3208045810,8644346907,628902,5436301097
,08/01/2025,255.9866094,23074573758,56192370643,3093337.386,33117796885,,,08/01/2025,1.638741905,3167564510,8497847443,616816,5330282933
,08/02/2025,249.6301173,22084483538,53583917648,2539670.244,31499434110,,,08/02/2025,1.599045706,3126276347,8463509865,549806,5337233518
,08/03/2025,259.952121,21847160992,52962179754,2408229.806,31115018761,,,08/03/2025,1.737244919,3154873703,8566060132,522930,5411186428
,08/04/2025,267.8166689,22857660094,54787306563,2680107.726,31929646469,,,08/04/2025,1.832677819,3237979299,8755296792,568123,5517317493
,08/05/2025,255.2385119,23635320221,57229407829,2479329.681,33594087608,,,08/05/2025,1.808538328,3253029058,8792151799,594105,5539122741
,08/06/2025,263.353705,23271963461,56407495732,2566272.728,33135532271,,,08/06/2025,1.840851358,3298581347,8887310483,637322,5588729136
,08/07/2025,284.9157445,23872971649,57593066111,2661013.048,33720094462,,,08/07/2025,1.97614028,3337927141,9065508097,596032,5727580957
,08/08/2025,290.9700662,24643111803,60203478219,2754385.287,35560366416,,,08/08/2025,2.035874289,3380206155,9121333995,611863,5741127840
,08/09/2025,307.8950761,24946537010,60942504481,2661114.049,35995967471,,,08/09/2025,2.169990334,3454372474,9327230525,607360,5872858052
,08/10/2025,306.8288464,26104307841,63227691178,2891204.098,37123383337,,,08/10/2025,2.153695977,3487747333,9435397749,607417,5947650417
,08/11/2025,294.0515816,26122629214,63373182007,2824917.315,37250552793,,,08/11/2025,2.046645673,3444378153,9334107623,624002,5889729469
,08/12/2025,322.544411,25780450554,62921236937,3102104.137,37140786383,,,08/12/2025,2.222596274,3436520471,9486171201,610437,6049650730
,08/13/2025,333.0345387,27232649564,65895534540,3045111.317,38662884976,,,08/13/2025,2.263184694,3441944538,9517649276,609162,6075704738
,08/14/2025,313.8730682,27750163550,66548534644,3767342.979,38798371094,,,08/14/2025,2.04978646,3327811657,9100729858,647185,5772918201
,08/15/2025,299.749392,26642258279,64071272207,3822945.752,37429013928,,,08/15/2025,1.933659612,3339008106,9151831353,625677,5812823247
,08/16/2025,295.8393535,26242261023,62608458627,3458642.67,36366197604,,,08/16/2025,2.006571865,3412102630,9348017136,600308,5935914506
,08/17/2025,303.9041127,26176667934,62386971745,3716412.385,36210303812,,,08/17/2025,2.074328462,3424431661,9424759194,660350,6000327533
,08/18/2025,288.938731,26276766165,62602398314,3451679.073,36325632148,,,08/18/2025,1.986169687,3384881659,9300771046,630627,5915889387
,08/19/2025,277.6249601,26009433495,61676189083,3744150.696,35666755587,,,08/19/2025,1.98787608,3413940182,9376722413,630127,5962782231
,08/20/2025,298.6591967,25246156067,59472706396,3209770.295,34226550329,,,08/20/2025,2.249489184,3499893441,9598195642,634605,6098302202
,08/21/2025,299.821135,26013675581,61812039182,3248804.756,35798877662,,,08/21/2025,2.334520994,3497772423,9554300979,670963,6056528556
,08/22/2025,344.2819369,25652562309,61025628949,3248908.153,35373588673,,,08/22/2025,2.680797312,3642781465,10081902803,702576,6439121338
,08/23/2025,356.9730798,27648076626,66225376917,2840524.096,38577927675,,,08/23/2025,2.668771137,3697660212,10224494862,722581,6526834650
,08/24/2025,348.2450577,27757102615,66671016318,3648003.622,38914564459,,,08/24/2025,2.552795528,3723115356,10236170100,709417,6513054744
,08/25/2025,318.1833236,27958121689,66916212358,3203822.202,38958608334,,,08/25/2025,2.362829898,3656365063,10122690339,677064,6466325276
,08/26/2025,336.0138585,26736956319,64054090151,2901469.134,37317133833,,,08/26/2025,2.353176922,3753091789,10504332334,661443,6751240545
,08/27/2025,320.65664,27504112862,65962024015,3114263.267,38457911153,,,08/27/2025,2.158101224,3760843816,10536558000,664661,6775714184
,08/28/2025,317.0693118,27327647526,65585598106,3040597.25,38257950581,,,08/28/2025,2.111100077,3812599067,10739409617,686186,6926810550
,08/29/2025,319.7751398,27355262953,66018091358,3204503.67,38662828405,,,08/29/2025,2.015933376,3843441716,10698974476,676732,6855532760
,08/30/2025,318.9856145,26911453331,65074611249,2915466.485,38163157918,,,08/30/2025,1.995660676,3869833389,10726004470,694821,6856171081
,08/31/2025,315.9843906,26968739873,64891571517,3108734.038,37922831643,,,08/31/2025,1.926878061,3926155820,10785393827,710081,6859238007
,09/01/2025,303.9665632,27033653391,64913974768,3016972.347,37880321377,,,09/01/2025,1.806260019,4004361755,10883254746,749057,6878892991
,09/02/2025,315.5239542,26945536392,64554458296,3047285.73,37608921904,,,09/02/2025,1.929122139,4044040120,11022678126,757761,6978638005
,09/03/2025,328.2024708,27097033857,64393331038,3219035.928,37296297181,,,09/03/2025,1.992885205,4155084125,11238391130,751464,7083307005
,09/04/2025,307.2040582,27549237764,66167469646,3084251.965,38618231881,,,09/04/2025,2.006913942,4159958539,11180057195,777717,7020098656
,09/05/2025,302.3421786,27194517473,65032937665,3035321.659,37838420192,,,09/05/2025,1.975333456,4151222593,11159066534,811165,7007843941
,09/06/2025,298.3459938,27320505051,65396992247,3181777.314,38076487196,,,09/06/2025,2.00042268,4165758517,11160158207,800899,6994399691
,09/07/2025,301.8725898,27243794044,65121714435,3081800.677,37877920390,,,09/07/2025,1.991115019,4188802697,11249839200,825385,7061036502
,09/08/2025,302.9671897,27344747185,66111318481,2967356.181,38766571295,,,09/08/2025,1.952181739,4248438709,11382966362,809427,7134527653
,09/09/2025,298.1221932,27488690296,66106285022,3046566.865,38617594725,,,09/09/2025,1.946786871,4280962426,11525857913,880406,7244895487
,09/10/2025,300.061405,27668253387,66041908328,3131937.914,38373654942,,,09/10/2025,1.989343507,4331531395,11718031001,840714,7386499606
,09/11/2025,309.4759898,27882719798,66896038471,3157080.184,39013318673,,,09/11/2025,2.125022758,4382120930,11818398570,822251,7436277639
,09/12/2025,321.5330484,28166040201,67726627281,3332500.158,39560587081,,,09/12/2025,2.197176929,4477856096,12136997034,842141,7659140938
,09/13/2025,314.6700116,29129339190,70220567067,3230129.398,41091227877,,,09/13/2025,2.105700846,4542007070,12367429856,843284,7825422786
,09/14/2025,306.434675,28995898524,70040485490,3342722.422,41044586966,,,09/14/2025,2.027646163,4556303894,12325242143,845406,7768938249
,09/15/2025,299.3052043,28824967364,69496269547,3530881.936,40671302183,,,09/15/2025,1.973368241,4607853663,12437467827,885714,7829614165
,09/16/2025,299.1281666,28525831496,68873275714,3723891.376,40347444219,,,09/16/2025,1.992582977,4695522741,12574387257,895324,7878864516
,09/17/2025,306.4104253,28644447561,68200851939,3918674.618,39556404378,,,09/17/2025,2.063152628,4742519245,12705572887,933702,7963053642
,09/18/2025,309.3074471,29178327922,69572846382,3520776.583,40394518460,,,09/18/2025,2.325844663,4620174734,12306966348,912676,7686791614
,09/19/2025,298.6552653,29414189632,70682375431,3575364.778,41268185799,,,09/19/2025,2.086354768,4598419193,12236131513,892385,7637712319
,09/20/2025,296.9348303,29085719285,69620954332,3485043.719,40535235046,,,09/20/2025,2.006570491,4492094634,12067745388,847767,7575650754
,09/21/2025,294.6523696,29313102871,71026479660,3636249.447,41713376789,,,09/21/2025,1.962074461,4446344476,11896563420,837958,7450218945
,09/22/2025,270.3521288,29201768071,70732353095,4193133.625,41530585023,,,09/22/2025,1.833566084,4294434805,11419769413,859492,7125334608
,09/23/2025,275.2194571,28239839760,67527714546,3439436.012,39287874786,,,09/23/2025,1.726964215,4173446947,11084692533,856465,6911245586
,09/24/2025,278.0268068,27958624516,66536232743,3279539.663,38577608227,,,09/24/2025,1.733323361,4103785458,10999691052,806448,6895905594
,09/25/2025,259.5218447,27727223705,66440046689,3518889.103,38712822984,,,09/25/2025,1.623369789,3741571453,9999243345,722474,6257671892
,09/26/2025,270.7647257,26536257321,64878744064,3020155.621,38342486743,,,09/26/2025,1.694090249,3783658590,10353308002,736774,6569649412
,09/27/2025,266.6870559,27055621870,66526151041,3328847.102,39470529171,,,09/27/2025,1.687162167,3765130350,10361171964,689942,6596041614
,09/28/2025,275.2894782,27198164681,67692115469,3016083.405,40493950788,,,09/28/2025,1.749779288,3795915831,10523949624,688519,6728033793
,09/29/2025,277.3151149,27470736412,69283354661,3159656.606,41812618249,,,09/29/2025,1.737525281,3772964371,10529444505,676999,6756480134
,09/30/2025,274.4636596,27487221640,69942208893,2983803.643,42454987253,,,09/30/2025,1.699201084,3859772061,10785522359,662262,6925750299
,10/01/2025,285.9794256,27362061125,69475325238,3088809.689,42113264113,,,10/01/2025,1.833116407,3943526186,11113094585,707907,7169568399
,10/02/2025,288.8545807,27965688570,71121323013,2879489.391,43155634443,,,10/02/2025,1.955852807,4059264440,11537392117,733757,7478127678
,10/03/2025,290.9949382,28433921181,72221261039,2715898.527,43787339859,,,10/03/2025,1.878880881,4112439971,11706920300,768293,7594480328
,10/04/2025,283.2450009,28587240588,72325424295,2692089.134,43738183707,,,10/04/2025,1.856351493,4120752436,11765935683,753558,7645183247
,10/05/2025,285.7931727,28324130459,71688671505,2619329.305,43364541046,,,10/05/2025,1.88051724,4158374709,11883196199,811578,7724821490
,10/06/2025,297.4779593,28290232822,71544837436,3329798.951,43254604614,,,10/06/2025,1.917373506,4198755806,12279944561,755759,8081188754
,10/07/2025,276.502193,28864378173,73386522891,3072158.478,44522144717,,,10/07/2025,1.782406265,4207361956,12097599990,756844,7890238034
,10/08/2025,285.6127705,28326718990,71836940876,2843269.633,43510221885,,,10/08/2025,1.788192956,4200430251,12212246576,772561,8011816325
,10/09/2025,273.5503632,28629281913,72708231473,2875487.441,44078949560,,,10/09/2025,1.705360231,4183216588,12064033535,731650,7880816947
,10/10/2025,227.3192992,27915495833,69962892208,14736268.5,42047396374,,,10/10/2025,1.374828543,3917703418,10978810524,742178,7061107106
,10/11/2025,234.2593678,25935655937,64413781614,2326724.676,38478125677,,,10/11/2025,1.606404234,3944997321,10969349255,812490,7024351935
,10/12/2025,251.5940183,25251901463,63311621795,4282592.702,38059720332,,,10/12/2025,1.971735173,4021216849,11429148515,722527,7407931666
,10/13/2025,260.9798885,26473002783,66819776334,2886805.713,40346773551,,,10/13/2025,1.983752138,4099557769,11667242982,707109,7567685213
,10/14/2025,255.5873627,26788974778,67775569678,3000795.086,40986594899,,,10/14/2025,1.989231627,4128662636,11674478990,706910,7545816354
,10/15/2025,242.416296,26190323688,66395207441,2871256.58,40204883753,,,10/15/2025,1.900509141,4142137209,11534842837,704903,7392705628
,10/16/2025,223.0584396,25732640633,64948409384,2985577.469,39215768752,,,10/16/2025,1.771285672,4118156984,11376165794,698914,7258008810
,10/17/2025,206.1865601,25173190387,63574129390,2875564.622,38400939003,,,10/17/2025,1.766589939,4065331930,11241892290,714775,7176560359
,10/18/2025,214.7861265,24703807801,62450298809,2692783.77,37746491007,,,10/18/2025,1.889224636,4099313756,11391925690,658847,7292611933
,10/19/2025,222.5937104,24739856394,62895332279,2748757.821,38155475885,,,10/19/2025,1.937780597,4154703552,11583405014,670180,7428701463
,10/20/2025,228.9686366,25088839126,63270526612,2611594.822,38181687485,,,10/20/2025,1.933239125,4160750240,11678228794,674514,7517478554
,10/21/2025,218.8156252,25271548546,64106190707,2742442.334,38834642162,,,10/21/2025,1.854035998,4186674409,11573249732,881828,7386575323
,10/22/2025,216.7833339,24953374410,62392344937,2863471.809,37438970527,,,10/22/2025,1.823605764,4171328436,11500049552,707355,7328721116
,10/23/2025,224.4214616,24658812481,60102126790,2784543.937,35443314309,,,10/23/2025,1.904995921,4202225446,11631946681,751248,7429721234
,10/24/2025,229.1526515,25146483526,61387951519,2721911.1,36241467993,,,10/24/2025,2.028236404,4289047309,11840128628,717999,7551081320
,10/25/2025,226.4753497,25123258262,62231730837,2747847.287,37108472575,,,10/25/2025,1.995893254,4297828566,11959585221,694752,7661756655
,10/26/2025,241.2298965,25190407055,62614516545,2677843.525,37424109491,,,10/26/2025,2.093367564,4356991509,12227150237,709231,7870158728
,10/27/2025,235.2323405,25842903538,64952590961,2656543.065,39109687423,,,10/27/2025,2.053067928,4366902952,11966311793,730528,7599408841
,10/28/2025,228.7435602,25907680358,64654970406,2681416.683,38747290048,,,10/28/2025,1.928472894,4348657147,11919625215,990699,7570968069
,10/29/2025,227.4743129,25563956194,63519732873,2933443.757,37955776679,,,10/29/2025,1.97751315,4272820547,12224761641,830510,7951941094
,10/30/2025,214.7524395,25500095602,62997735982,2563544.581,37497640380,,,10/30/2025,1.957389447,4482437258,12449299321,761382,7966862063
,10/31/2025,228.4349081,25086577024,61643627909,2180393.379,36557050885,,,10/31/2025,1.960971151,4536881563,12613242993,883794,8076361430
,11/01/2025,222.8377173,25184776874,62060789503,2249859.103,36876012630,,,11/01/2025,2.030969666,4563364614,12608492722,844419,8045128108
,11/02/2025,230.2152906,25286301987,62188302538,2355179.13,36902000550,,,11/02/2025,2.07300695,4580853097,12646266055,861687,8065412958
,11/03/2025,199.456434,25370031351,62417857601,2576345.832,37047826250,,,11/03/2025,1.847801179,4539680792,12339368633,957103,7799687841
,11/04/2025,188.7625795,23995940040,58858292911,8350617.992,34862352871,,,11/04/2025,1.631336178,4033329822,11186314440,1145094,7152984618
,11/05/2025,202.0548256,22633902045,54743459794,2148505.386,32109557749,,,11/05/2025,1.704600249,3946984213,11161256471,822186,7214272258
,11/06/2025,196.8608435,22735423189,54178979802,2841089.352,31443556613,,,11/06/2025,1.696242865,3925798953,10876912004,1198590,6951113051
,11/07/2025,207.8602849,22498992444,53265800263,2473310.996,30766807820,,,11/07/2025,1.771292987,3865616115,10883535053,836290,7017918938
,11/08/2025,202.4765831,22686536992,54008778826,2864479.832,31322241834,,,11/08/2025,1.834066624,3816936754,10820881281,692218,7003944528
,11/09/2025,212.1304997,22467612930,53368530572,2857565.206,30900917642,,,11/09/2025,1.974686788,3842473108,10985368945,607092,7142895837
,11/10/2025,227.0030955,22947869775,54857217865,2425777.629,31909348090,,,11/10/2025,2.013476985,3840595578,10987372553,601074,7146776975
,11/11/2025,207.4800736,23099020570,55808446027,2725170.116,32709425456,,,11/11/2025,1.988623748,3826225318,10745482616,611637,6919257298
,11/12/2025,204.6997776,22727775671,54864817031,2471038.535,32137041361,,,11/12/2025,2.005811596,3759959511,10616621304,620313,6856661794
,11/13/2025,199.2835187,22815555026,55364439756,2931139.378,32548884730,,,11/13/2025,2.051371152,3708664468,10463124395,585379,6754459927
,11/14/2025,174.4663663,22334315199,55294750867,2445798.748,32960435669,,,11/14/2025,1.99912509,3610689892,10155866654,626128,6545176762
,11/15/2025,178.624043,21912812947,54272493525,2193426.701,32359680578,,,11/15/2025,1.999076093,3630144983,10303501968,522239,6673356985
,11/16/2025,173.7248671,22052547494,54143819848,4573421.384,32091272354,,,11/16/2025,2.0001805,3596761958,10189650280,534020,6592888322
,11/17/2025,168.57386,21748788507,52273567732,2573639.183,30524779225,,,11/17/2025,1.810988624,3532476843,9943039163,518729,6410562320
,11/18/2025,177.7670602,21548757114,51980649299,1996391.961,30431892185,,,11/18/2025,1.886375694,3504989388,9897739104,488947,6392749716
,11/19/2025,173.9450281,21634844963,53217124184,3175203.08,31582279221,,,11/19/2025,1.854950667,3385245041,9591774784,506715,6206529743
,11/20/2025,164.6283495,21275447250,52178059220,4234697.773,30902611970,,,11/20/2025,1.594086493,3164837909,8884121556,487046,5719283647
,11/21/2025,157.6007981,20683797867,51097507386,5353365.564,30413709519,,,11/21/2025,1.511001854,2940435007,8343657768,444493,5403222761
,11/22/2025,161.0885478,20209923361,50067399997,1888929.997,29857476635,,,11/22/2025,1.491589395,2953094595,8353359153,425412,5400264558
,11/23/2025,167.1673876,20201329168,49811907836,1892842.17,29610578668,,,11/23/2025,1.491887266,2977213179,8513396237,444730,5536183058
,11/24/2025,178.7366386,20242064607,50197017694,1945489.556,29954953087,,,11/24/2025,1.554560651,2992943185,8786969416,447134,5794026231
,11/25/2025,179.0131906,20636281895,51629436480,1941391.592,30993154586,,,11/25/2025,1.527356542,2992126126,8700444933,432623,5708318806
,11/26/2025,185.8534082,20596837033,51748814532,1921149.589,31151977499,,,11/26/2025,1.510297642,3012694826,8849402744,430018,5836707918
,11/27/2025,185.9843514,20915512693,52641445906,1745525.181,31725933213,,,11/27/2025,1.532669057,2999228152,8846722235,431395,5847494083
,11/28/2025,185.6053168,20942797593,52766029598,2028462.765,31823232005,,,11/28/2025,1.531720928,2997772160,8791420749,441373,5793648589
,11/29/2025,182.3707089,21057248662,53109200317,1996636.293,32051951655,,,11/29/2025,1.490845631,2986844811,8869510505,405745,5882665693
,11/30/2025,178.1001053,20830141847,52242688576,1883454.432,31412546729,,,11/30/2025,1.459606426,2986881262,8872451346,407513,5885570084
,12/01/2025,171.9944478,20817013522,52482276785,1820721.621,31665263263,,,12/01/2025,1.384735341,3002013917,8594062979,414207,5592049061
,12/02/2025,190.0606157,20410461894,50950642413,2025820.777,30540180518,,,12/02/2025,1.46255005,3046045039,8953122038,416332,5907076999
,12/03/2025,198.6164592,21046131743,52239506649,1760904.694,31193374906,,,12/03/2025,1.492258758,3054054702,9099618996,438487,6045564294
,12/04/2025,190.4699304,21581808182,54151413185,2027192.8,32569605003,,,12/04/2025,1.429016321,3036849269,8943226702,426475,5906377433
,12/05/2025,183.7121796,21359586951,53603403046,2208876.753,32243816096,,,12/05/2025,1.292391,2983985783,8628320822,407666,5644335039
,12/06/2025,187.1425119,21125955839,53617443223,1876995.386,32491487384,,,12/06/2025,1.244289614,2986604664,8597138760,386475,5610534097
,12/07/2025,186.6773787,21178357581,53744549508,2112985.134,32566191927,,,12/07/2025,1.199111151,2991038082,8636644997,396046,5645606915
,12/08/2025,191.6398057,21236850183,53967651396,1884270.367,32730801213,,,12/08/2025,1.206580618,3001658732,8692002366,382175,5690343634
,12/09/2025,202.823968,21449143038,53704571210,2295959.612,32255428172,,,12/09/2025,1.289703902,3034393280,8788510291,384619,5754117011
,12/10/2025,196.8911396,22212752344,55649807788,2075625.764,33437055445,,,12/10/2025,1.236275251,3111717381,8793449512,385938,5681732131
,12/11/2025,202.1081387,22438304847,55606240561,2086100.499,33167935713,,,12/11/2025,1.220533913,3121289207,8820256669,381007,5698967462
,12/12/2025,191.5320727,22183364512,55069861986,2305751.996,32886497475,,,12/12/2025,1.176606241,3135846448,8789027747,383993,5653181299
,12/13/2025,197.6431075,21717580274,53687909254,2006132.452,31970328980,,,12/13/2025,1.141491767,3148993364,8772607961,382117,5623614598
,12/14/2025,188.3155754,21692592652,53895810610,2250748.788,32203217958,,,12/14/2025,1.114165623,3142304653,8688676231,380860,5546371578
,12/15/2025,194.2274116,21564290152,54354074590,2141631.874,32789784438,,,12/15/2025,1.13808714,3129081982,8548969425,392008,5419887443
,12/16/2025,186.039655,21392229780,53468029031,1838733.939,32075799251,,,12/16/2025,1.179278784,3114174322,8574138500,379033,5459964178
,12/17/2025,179.5581042,20856072530,53595691810,2117191.636,32739619279,,,12/17/2025,1.170709027,3102548023,8416125456,379201,5313577434
,12/18/2025,173.5751469,20502519415,52279811489,1871899.88,31777292074,,,12/18/2025,1.133213987,3105364238,8376337555,385161,5270973317
,12/19/2025,181.3707753,20537538772,52518756044,1778928.513,31981217272,,,12/19/2025,1.216690119,3145322842,8654132789,378379,5508809948
,12/20/2025,179.9635473,21357162539,54311203399,2002494.483,32954040860,,,12/20/2025,1.21407831,3148230961,8600310868,368369,5452079907
,12/21/2025,165.1084618,21157580724,54178947616,1948387.488,33021366892,,,12/21/2025,1.228497137,3162725517,8647926052,372758,5485200535
,12/22/2025,150.3309584,21164981966,54338742965,1882501.694,33173760999,,,12/22/2025,1.205932057,3186258463,8676311450,397593,5490052986
,12/23/2025,150.6437058,21309170562,54323979144,1881587.254,33014808581,,,12/23/2025,1.18354192,3196890634,8689903990,406098,5493013356
,12/24/2025,148.3800096,21196922786,53999494813,1904978.184,32802572027,,,12/24/2025,1.162922097,3176774768,8693510481,384697,5516735712
,12/25/2025,149.0155207,20997152226,53771150222,1991482.734,32773997996,,,12/25/2025,1.119322669,3180201873,8588824073,384968,5408622199
,12/26/2025,154.1329667,20839362112,53220015947,1817816.806,32380653835,,,12/26/2025,1.17352655,3206050258,8642249585,395047,5436199327
,12/27/2025,156.930623,20929646155,53427428738,1904409.178,32497782582,,,12/27/2025,1.185596694,3208841148,8795124601,392897,5586283453
,12/28/2025,153.4420313,20999700434,53779518363,1924628.425,32779817929,,,12/28/2025,1.172256996,3220398330,8742287377,372998,5521889047
,12/29/2025,149.1983371,20965856599,53772638027,1817855.177,32806781428,,,12/29/2025,1.165870618,3222309785,8755007861,406919,5532698077
,12/30/2025,149.3082834,21176155832,53868486639,1959886.997,32692330807,,,12/30/2025,1.129477794,3201777635,8819593530,381397,5617815895
,12/31/2025,146.293748,21314053977,53104295037,1986209.701,31790241061,,,12/31/2025,1.090324027,3277192827,9007268310,405847,5730075483
,01/01/2026,148.6591947,21438280560,53731842216,2101925.572,32293561657,,,01/01/2026,1.100362716,3300692408,9094315704,410505,5793623296
,01/02/2026,164.9648234,21517505003,54504656933,2040208.708,32987151930,,,01/02/2026,1.127339765,3332655153,9136258941,414329,5803603788
,01/03/2026,162.8859514,21978523845,55821017645,1885951.766,33842493800,,,01/03/2026,1.140165341,3365946064,9236834343,426514,5870888279
,01/04/2026,163.8458686,22002251820,56176743955,2043420.036,34174492135,,,01/04/2026,1.160234249,3388661340,9330917075,414811,5942255735
,01/05/2026,171.2475948,22064203178,56373741982,2102753.328,34309538804,,,01/05/2026,1.217894811,3453637563,9571720508,425210,6118082944
,01/06/2026,176.224686,22382166269,57394142340,1953528.865,35011976071,,,01/06/2026,1.272652888,3472657497,9638756514,428380,6166099017
,01/07/2026,167.4719683,22700373058,58021161125,1950425.983,35320788067,,,01/07/2026,1.24015866,3480798132,9532259298,438815,6051461166
,01/08/2026,164.3481115,22456221434,56885338354,1981851.195,34429116920,,,01/08/2026,1.212527394,3499072424,9517742327,434411,6018669903
,01/09/2026,165.4486478,22230782822,55417887591,1982948.312,33187104770,,,01/09/2026,1.250184755,3553409089,9738787898,450505,6185378809
,01/10/2026,164.889087,22206437956,56045694543,1966292.441,33839256587,,,01/10/2026,1.291897072,3537913231,9640841804,423191,6102928573
,01/11/2026,167.21623,22236695612,56066636184,2026287.748,33829940572,,,01/11/2026,1.292443981,3559270009,9770547269,419680,6211277260
,01/12/2026,164.9656717,22329514213,56354160463,1908961.738,34024646250,,,01/12/2026,1.288144245,3581837082,9699098868,446872,6117261786
,01/13/2026,176.9119895,22429759176,56265120758,2127104.39,33835361582,,,01/13/2026,1.376287982,3637474907,10179682067,445542,6542207159
,01/14/2026,178.6577849,23174822427,58866776371,1906241.113,35691953944,,,01/14/2026,1.409805286,3646385991,10190815559,430415,6544429568
,01/15/2026,171.5960434,23384974750,59223815418,1972083.068,35838840668,,,01/15/2026,1.397796997,3652309068,10210099038,439191,6557789970
,01/16/2026,175.4218706,23333976642,58825473977,2112868.579,35491497336,,,01/16/2026,1.351583316,3700156062,10305161912,427033,6605005850
,01/17/2026,173.7182168,23322114064,58748477496,2066112.501,35426363432,,,01/17/2026,1.308905916,3701162430,10300645924,416068,6599483494
,01/18/2026,169.9957385,23420357234,58960128818,2130652.924,35539771584,,,01/18/2026,1.320127119,3704419704,10333171599,422369,6628751895
,01/19/2026,163.9931137,23387206056,58804582862,2156189.723,35417376805,,,01/19/2026,1.286612783,3706221974,10240085104,431558,6533853753
,01/20/2026,153.2135961,23356377800,58417352222,2635583.617,35060974422,,,01/20/2026,1.140764418,3644368410,9847647131,470490,6203269349
,01/21/2026,159.2510925,22774293502,55023689182,2151513.212,32249395681,,,01/21/2026,1.178527994,3672866943,9999749750,435513,6326872841
,01/22/2026,157.1378997,23192361746,56064895350,2171270.816,32872533604,,,01/22/2026,1.193651456,3702885726,10162877008,436341,6459966835
,01/23/2026,156.83209,23263150849,55894955037,2138562.845,32631804188,,,01/23/2026,1.193739899,3764838384,10262599991,420966,6497737105
,01/24/2026,155.9527198,23308411736,55944700015,2172217.143,32636288279,,,01/24/2026,1.194865489,3763722902,10150221967,430643,6386475156
,01/25/2026,147.6095695,23419274018,56845938580,2438460.088,33426664562,,,01/25/2026,1.143396712,3778642128,10029138095,436131,6250472065
,01/26/2026,154.2305427,22921182870,55456530492,1860601.947,32535347622,,,01/26/2026,1.244771506,3806215464,10261663085,456235,6455432878
,01/27/2026,158.8885462,23585916073,57125882869,2281554.42,33539966796,,,01/27/2026,1.194930474,3841985842,10460203786,474333,6618203424
,01/28/2026,159.9229489,24258050031,58459899403,2097321.201,34201849372,,,01/28/2026,1.206898999,3847025834,10442182783,473232,6595142398
,01/29/2026,146.9812849,24330087370,58405802258,2722850.402,34075714888,,,01/29/2026,1.199618913,3777292056,10090683658,438886,6313366915
,01/30/2026,137.7036237,23452635135,55760893207,2378450.731,32308258072,,,01/30/2026,1.205331631,3768070567,10124381673,428383,6356301968
,01/31/2026,128.7581564,22879092102,54482857027,9839251.716,31603764925,,,01/31/2026,1.135261433,3573940948,9568282897,453573,5994332060
,02/01/2026,124.3620353,21669171189,51174340509,2409872.618,29505169320,,,02/01/2026,1.108071982,3503431423,9360926305,408404,5857485000
,02/02/2026,128.480111,21048431777,49791784086,3761670.972,28743352309,,,02/02/2026,1.232148197,3489443709,9408780382,415677,5919328143
,02/03/2026,124.9436887,21338795994,51004192878,3575300.847,29665396884,,,02/03/2026,1.253943266,3405356441,9210220199,397092,5804855431
,02/04/2026,123.8161871,20842766869,49888270230,2344563.358,29045503361,,,02/04/2026,1.198619093,3391271753,9261574894,376990,5870293950
,02/05/2026,101.4865506,20203474094,48890433818,9974703.565,28686959724,,,02/05/2026,1.027205222,3060548752,8427878826,400793,5366616914
,02/06/2026,113.9691138,18553453729,44692111147,6899406.931,26138657418,,,02/06/2026,1.188941186,3109111005,8897083216,353082,5787503914
,02/07/2026,114.0593378,18327484382,45539087519,2181241.665,27211603136,,,02/07/2026,1.175155237,3052784035,8752313584,331452,5699418017
,02/08/2026,112.6268106,18022970877,45734899696,1824622.086,27711928819,,,02/08/2026,1.159515855,3046255820,8876868503,327839,5830237343
,02/09/2026,112.7099269,18009818589,46124914623,1627545.912,28115096034,,,02/09/2026,1.156033073,3057828738,8829584678,319253,5770895178
,02/10/2026,109.3063225,18027646858,46163715447,1590046.784,28136068589,,,02/10/2026,1.144303994,3058308449,8673422283,320559,5613980183
,02/11/2026,107.383231,17579060195,44991456783,1551827.562,27412396587,,,02/11/2026,1.079100766,3065430247,8597967880,311608,5531357220
,02/12/2026,114.7931199,17198059802,43987499079,1500744.625,26789439277,,,02/12/2026,1.106694373,3073636899,8594727867,302441,5519957826
,02/13/2026,118.7925703,17082712027,43890688846,1532974.647,26807976820,,,02/13/2026,1.184578111,3099984285,8692092130,337983,5591510751
,02/14/2026,128.35006,17454030272,44828399395,1464602.792,27374369123,,,02/14/2026,1.394800678,3134366493,8732510643,312275,5597449909
,02/15/2026,125.8092824,17346217167,44664927414,2123539.048,27318710247,,,02/15/2026,1.332325053,3127880064,8608689101,323233,5479819840
,02/16/2026,127.066253,16908162872,43623704996,1822679.161,26715542123,,,02/16/2026,1.365859274,3146286074,8778915793,331686,5630951618
,02/17/2026,126.5304541,16921468599,43762101780,1649024.164,26840633182,,,02/17/2026,1.49750513,3146967023,8596994626,320590,5449359296
,02/18/2026,122.925737,16807680696,43462997833,1443195.333,26655317137,,,02/18/2026,1.463084087,3149105398,8504444128,323756,5354637081
,02/19/2026,124.2064102,16667264325,43064654301,1421345.024,26397389976,,,02/19/2026,1.381620823,3228117774,8734187728,355643,5505021064
,02/20/2026,116.0585253,16614076627,43103416997,1424715.183,26489340370,,,02/20/2026,1.576154813,3230486046,8696581533,328496,5464924834
,02/21/2026,121.6756666,16563902402,42499446815,1393414.997,25935544413,,,02/21/2026,1.619980849,3245360385,8684661268,338944,5438097877
,02/22/2026,117.673887,16543466293,42435854899,1462743.851,25892388606,,,02/22/2026,1.59546664,3219213899,8587119279,322128,5366202836
,02/23/2026,114.6425153,16444695942,42841300003,1325800.192,26396604061,,,02/23/2026,1.572824362,3202388963,8528733163,321181,5324353290
,02/24/2026,114.4913474,16111431925,41574908966,1412987.355,25463477042,,,02/24/2026,1.740403891,3211601208,8586383585,318256,5373389620
,02/25/2026,118.4217444,16078750435,41574133477,1729988.844,25495383042,,,02/25/2026,1.820488609,3267125825,8894349054,321763,5625928270
,02/26/2026,114.3557221,16748737954,43666266609,1377598.054,26917528655,,,02/26/2026,1.8549299,3219859220,8825674001,1046891,5604643356
,02/27/2026,112.8386706,16638124330,43333785953,1418691.777,26695661622,,,02/27/2026,1.837380567,3233887552,8814234114,304674,5579422014
,02/28/2026,112.1290751,16257037467,42243654857,1339784.972,25986617390,,,02/28/2026,1.765712046,3261942894,8941553472,307633,5678652446
,03/01/2026,113.6127303,16377634010,42617137254,1392168.361,26239503244,,,03/01/2026,1.744800243,3274008871,8889935605,302760,5614974219
,03/02/2026,122.4424703,16293433801,42399173056,1406247.085,26105739255,,,03/02/2026,1.927700784,3317601216,9100829317,328067,5781843852
,03/03/2026,111.3539257,16590667354,43399202699,1306596.151,26808535345,,,03/03/2026,1.958632107,3314290801,9179176760,375833,5862596704
,03/04/2026,115.9509164,16424769500,42820337525,1610604.995,26395568025,,,03/04/2026,1.86806278,3505128866,10126981915,358535,6619659881
,03/05/2026,117.2026048,16892784294,44379695535,1438379.551,27486911242,,,03/05/2026,1.940374786,3560447372,10343887712,333888,6780773550
,03/06/2026,111.0496535,16688766469,43398432656,1447841.606,26709666187,,,03/06/2026,1.795851569,3592418068,10376387568,310670,6781539583
,03/07/2026,108.7946119,16198028028,42119518611,1328500.807,25921490584,,,03/07/2026,1.832735243,3621215869,10380360738,358227,6757484646
,03/08/2026,105.5868467,16139702526,42369675376,1278761.547,26229972850,,,03/08/2026,1.87310655,3628072794,10318781343,330366,6688546051
,03/09/2026,106.5328725,16043051388,42019363016,1142671.984,25976311627,,,03/09/2026,1.900082335,3679907912,10583755946,327834,6902423432
,03/10/2026,111.5646856,16231219459,42560267100,2427999.339,26329047641,,,03/10/2026,1.953071029,3711462002,10716867475,361208,7002881273
,03/11/2026,110.236025,16386954108,42800231088,1261372.277,26413276980,,,03/11/2026,1.933463015,3727408275,10797160125,333957,7067125800
,03/12/2026,111.8147994,16558329263,43026491280,1228094.326,26468162017,,,03/12/2026,1.986155473,3699255474,10865594684,344538,7163386133
,03/13/2026,112.2890248,16757507585,43431643433,1192760.671,26674135848,,,03/13/2026,1.861695984,3733404562,10872332843,348993,7136037180
,03/14/2026,111.270719,16839452267,43481279953,1286857.885,26641827686,,,03/14/2026,1.895252346,3752323252,10913227416,345482,7158134596
,03/15/2026,116.2250868,16810926659,43457392383,1287207.93,26646465724,,,03/15/2026,1.926477649,3888209623,11157539514,342314,7266676828
,03/16/2026,122.2499336,17086541865,44363736294,1428094.648,27277194429,,,03/16/2026,1.826835816,3939107147,11213402140,360932,7272130583
,03/17/2026,119.7261128,17634701763,45880185153,1232162.452,28245483389,,,03/17/2026,1.807873014,3983601865,11084895737,391109,7099401551
,03/18/2026,115.2465165,17683455272,45681502425,1435236.51,27998047154,,,03/18/2026,1.744155406,3987689516,10819532236,376224,6829787908
,03/19/2026,111.4881315,17298487113,43495693364,1304935.12,26197206251,,,03/19/2026,1.750212082,3943212614,10590279089,380872,6644860959
,03/20/2026,111.2878519,17034496720,42691429014,1316813.569,25656932294,,,03/20/2026,1.772846748,3984616919,10739623970,393029,6752511873
,03/21/2026,109.7668224,17071946194,43313826407,1323851.369,26241880213,,,03/21/2026,1.768789936,3986647934,10763360202,337335,6774245305
,03/22/2026,106.4128492,16903572877,42940461706,1296781.522,26036888829,,,03/22/2026,1.666909759,3804286806,10213978614,492042,6407392032
,03/23/2026,110.0420201,16815848185,42662807982,1271605.328,25846959797,,,03/23/2026,1.697472086,3830913386,10426210342,380287,6593530084
,03/24/2026,112.2407904,17148619806,43603966007,1352569.461,26455346202,,,03/24/2026,1.753371945,3860177615,10559186511,360097,6697235119
,03/25/2026,112.5129762,17114447054,43542358741,1252130.722,26427911687,,,03/25/2026,1.708452805,3900635894,10893020090,375865,6991076930
,03/26/2026,105.1026659,17122632748,43131945769,1357598.333,26009313020,,,03/26/2026,1.556262563,3906952019,10729714786,352500,6821499914
,03/27/2026,98.57096948,16836107088,42278259466,1762891.001,25442152378,,,03/27/2026,1.49102954,3892683902,10563798575,375417,6670060146
,03/28/2026,96.72477105,16641379360,41288008630,1260646.05,24646629270,,,03/28/2026,1.492752853,3905014604,10609522922,365485,6703443330
,03/29/2026,95.32282058,16632884105,41343675836,1335925.847,24710791732,,,03/29/2026,1.47158393,3928571898,10641435449,347466,6711817068
,03/30/2026,96.52693859,16637216065,41217912675,1246337.802,24580696610,,,03/30/2026,1.470204683,3940418600,10702981007,388198,6761430666
,03/31/2026,98.08229124,16654052336,41152423614,1293553.375,24498371277,,,03/31/2026,1.534796122,3852612753,10576900443,380788,6722791372
,04/01/2026,98.1202359,17022176186,42185503092,1435800.863,25163326906,,,04/01/2026,1.530122459,3829928673,10680494634,379104,6849126139
,04/02/2026,94.24371773,17196123818,42454251555,1317295.201,25258127737,,,04/02/2026,1.503684408,3747294613,10387307549,354850,6638068485
,04/03/2026,94.76119688,16966151644,41702067353,1312490.195,24735915709,,,04/03/2026,1.504170636,3889329450,10639832461,356415,6749194627
,04/04/2026,94.49200066,16882673835,41710314685,1365620.195,24827640850,,,04/04/2026,1.483442598,3903908506,10705933354,345712,6800513100
,04/05/2026,93.8700586,16951119330,41856604637,1315508.97,24905485308,,,04/05/2026,1.501156852,3914256252,10821256033,351156,6905651036
,04/06/2026,92.98293054,17125698771,42368954655,1343222.537,25243255884,,,04/06/2026,1.573149612,3935292691,11021125189,392678,7084593527
,04/07/2026,96.47194705,17101763612,42108236619,1398262.657,25006473007,,,04/07/2026,1.757219627,3997907858,11374824803,346201,7375206493
,04/08/2026,91.83103565,17554661120,43496798292,1266875.708,25942137172,,,04/08/2026,1.700039936,4001232970,11256762356,400566,7253801043
,04/09/2026,90.53483862,17436367571,42815266105,1433910.632,25378898534,,,04/09/2026,1.836758901,3995357559,11282753847,370318,7285699225
,04/10/2026,93.65363284,17346619061,42799322766,1352668.747,25452703704,,,04/10/2026,1.830151786,3989923407,11339884747,384489,7348273316
,04/11/2026,94.63789905,17535445856,43414483504,1396284.631,25879037647,,,04/11/2026,1.803314518,3988244172,11398802003,362402,7408711861
,04/12/2026,89.9408084,17633331366,43769207823,1382461.791,26135876456,,,04/12/2026,1.684688285,3961958698,11190683707,379979,7226936449
,04/13/2026,103.1115985,17313448901,42826060486,1386370.24,25512611585,,,04/13/2026,1.807111893,4033839967,11622147244,425843,7586515217
,04/14/2026,100.1456323,18098323411,44943568768,1329079.506,26845245357,,,04/14/2026,1.726936578,4040273715,11569877250,321071,7527898581
,04/15/2026,105.4858469,17807148905,44250593086,1504187.193,26443444181,,,04/15/2026,1.821334608,4073226978,11639232471,417018,7564359721
,04/16/2026,115.0402008,18031603562,44608913530,1374195.968,26577309969,,,04/16/2026,1.796947854,4099784284,11618774737,368271,7517639190
,04/17/2026,115.2642138,17995190371,44366021310,1564465.819,26370830939,,,04/17/2026,1.939499064,4111291701,11720550448,437417,7607756675
,04/18/2026,101.8783189,18095061113,44813168126,1684982.607,26718107013,,,04/18/2026,1.928843443,3904938847,10927465356,467094,7021018518
,04/19/2026,90.25744177,17791887540,40230783483,3108097.595,22438895944,,,04/19/2026,1.910646684,3525258766,9905237899,675272,6378498390
,04/20/2026,90.89872081,16621939006,34935029166,4423490.204,18313090160,,,04/20/2026,1.918415663,3528169546,9936414058,595167,6407416140
,04/21/2026,92.0048876,15526665982,32607021535,4054560.078,17080355553,,,04/21/2026,1.949918128,3497538661,10026800060,516251,6528473686
,04/22/2026,94.12734943,14120355608,30267263837,3274422.736,16146908229,,,04/22/2026,1.967482796,3463844942,10136306573,346565,6671586630
,04/23/2026,94.31183443,13322067854,29105326435,2840704.063,15783258581,,,04/23/2026,1.91206037,,,0,
,04/24/2026,94.2568297,12735911948,27988377020,2539161.809,15252465072,,,04/24/2026,1.85193453,,,0,
,04/25/2026,93.92463331,12445707206,27525872956,2185427.7,15080165749,,,04/25/2026,1.863956474,3496119138,10244721287,377807,6747740822
,04/26/2026,96.74082658,12324378942,27384837014,1990789.91,15060458072,,,04/26/2026,1.963339186,3504151555,10324212123,392240,6819114356
,04/27/2026,97.38839959,12386202419,27733648273,1892965.01,15347445855,,,04/27/2026,1.94775276,3540307684,10327242488,397776,6786022004
,04/28/2026,96.49026788,12135240930,27111583648,1730909.959,14976342719,,,04/28/2026,1.958111712,3749061321,10498567099,408697,6748343115
,04/29/2026,93.2613088,12020796444,26845141232,1450764.586,14824344788,,,04/29/2026,1.961400393,3772781105,10720766232,392718,6946801950
,04/30/2026,92.85419754,11813770567,26545787661,1675046.892,14732017095,,,04/30/2026,2.003323963,3769765476,10806929099,410103,7035973000
,05/01/2026,91.94297134,11748982915,26357860999,1458233.729,14608878084,,,05/01/2026,1.963738047,3842073433,11124512182,420682,7281146223
,05/02/2026,93.13691191,11765899183,26690785090,1305885.764,14924885907,,,05/02/2026,1.976362568,3852569600,11220247371,380124,7366428175
,05/03/2026,92.53709299,11836423030,26893049949,1351322.349,15056626919,,,05/03/2026,1.926097146,3863806389,11226077772,385679,7361099519
,05/04/2026,92.26637393,11804430326,26768743557,1302916.308,14964313231,,,05/04/2026,2.007190288,3894237556,11358261793,417253,7462622614
,05/05/2026,93.51832681,11830562473,26949969193,1391239.224,15119406720,,,05/05/2026,2.223016718,3919355622,11470323646,401849,7549926225
,05/06/2026,94.13564445,11782141900,26879692523,16313669.65,15097550624,,,05/06/2026,2.247386524,3934708409,11387259846,438333,7451395771
,05/07/2026,92.47201895,11395515912,26463243427,1152648.698,15067727515,,,05/07/2026,2.101488296,3943997266,11375975125,398757,7430821647
,05/08/2026,95.52768507,11135722387,25932221962,1033920.886,14796499575,,,05/08/2026,2.090810373,3933928141,11310049406,442705,7374960847
,05/09/2026,95.71721785,11321861110,26326067260,1054805.965,15004206150,,,05/09/2026,2.125193679,3947972777,11455257066,394362,7506081573
,05/10/2026,102.4278532,11307670012,26447394459,1055328.995,15139724448,,,05/10/2026,2.1958553,3947508817,11599185573,263151,7650457142
,05/11/2026,101.3,,,,,,,05/11/2026,2.14,,,,