ETHFI,,,,,,,,PUMP,,,,,,
,DATE,PRICE,CARD_VOLUME,NUM_CARDS,FEES,TVL,,,DATE,PRICE,TOKENS_GRADUATED,BUYBACKS_NATIVE,REVENUE,LAUNCHPAD_VOLUMES
,12/01/2024,2.522269894,260,5,60521.301,8324677033,,,07/22/2025,0.003799135879,91,72163248.2,266832.7849,55771182.85
,12/02/2024,2.652368175,1061,6,77299.4624,8166458252,,,07/23/2025,0.003081476992,64,46129797.52,178672.4702,41188234.65
,12/03/2024,2.640946872,1284,8,82213.30445,8133579079,,,07/24/2025,0.002646870088,51,41758943.49,125209.7199,32202240.5
,12/04/2024,2.705250248,565,9,75029.8417,8559122396,,,07/25/2025,0.002735397997,34,37006613.2,95210.59657,26756882.28
,12/05/2024,2.675462917,1773,9,78362.79503,8381996291,,,07/26/2025,0.002841769699,29,29574973.16,75368.72607,25553216.76
,12/06/2024,2.972049244,337,5,86705.07797,8867620791,,,07/27/2025,0.002617558264,10,22141887.67,58549.81521,20941983.29
,12/07/2024,2.969657883,1614,8,86209.93298,8736471724,,,07/28/2025,0.002445470849,25,91943731.64,247997.88,20750881.82
,12/08/2024,2.963193411,1444,6,72863.20884,8763916447,,,07/29/2025,0.002801922026,35,185712339.3,457805.0414,24264053.8
,12/09/2024,2.400876251,650,8,91455.70972,8077079965,,,07/30/2025,0.002733441299,26,114930630.8,293612.0651,22068293.77
,12/10/2024,2.384657304,1132,9,82363.52952,7874726690,,,07/31/2025,0.002521541522,25,72394926.1,210861.7604,26134531.13
,12/11/2024,2.613152469,1082,12,72647.22749,8302681551,,,08/01/2025,0.002579684353,16,92561714.67,256195.9233,17041851.13
,12/12/2024,2.72282563,816,8,79403.20332,8452189465,,,08/02/2025,0.002741457509,19,72322184.64,196232.1142,19064284.48
,12/13/2024,2.67834292,22150,10,78797.18492,8581552099,,,08/03/2025,0.002913488481,9,111975347.7,319107.4615,17844073.55
,12/14/2024,2.611432398,2223,9,74577.69159,8483899604,,,08/04/2025,0.003120251996,28,68702702.28,198701.25,28499255.36
,12/15/2024,2.770556724,5479,14,83274.96395,8662594115,,,08/05/2025,0.003242998578,96,99305545.98,325407.0253,74496964.34
,12/16/2024,2.826443763,801,11,135947.0955,8718392403,,,08/06/2025,0.003418170741,147,242577501.7,827272.8011,154403383.7
,12/17/2024,2.611443947,2246,11,105510.4517,8462772216,,,08/07/2025,0.003566142264,172,488174023,1601979.557,134302002.3
,12/18/2024,2.435354319,1132,13,68049.0013,7920999792,,,08/08/2025,0.00338893068,143,427341999.6,1421326.491,137874509.8
,12/19/2024,2.088856684,7197,10,71687.03704,7445618520,,,08/09/2025,0.003138500369,140,0,0,130150411.7
,12/20/2024,2.13407085,8477,14,74606.73662,7528965892,,,08/10/2025,0.003114112851,137,890342634.3,2812446.895,134359121.7
,12/21/2024,1.957225764,4102,13,69054.94759,7290916020,,,08/11/2025,0.003447067124,220,425236481.2,1436108.109,190826170.4
,12/22/2024,1.945317121,3388,16,63681.01935,7168524137,,,08/12/2025,0.004006573941,230,557019659.5,1991988.351,191983494.7
,12/23/2024,2.084280635,14687,12,64552.98457,7591259309,,,08/13/2025,0.003981437279,222,521255474.9,2010892.407,239879510.2
,12/24/2024,2.126415025,8520,13,80199.75228,7846390795,,,08/14/2025,0.003617104816,214,665848522.6,2552711.473,195999065.5
,12/25/2024,2.052748441,395,4,66880.75498,7723531096,,,08/15/2025,0.003470890578,174,530359685.5,1917965.795,160232623.4
,12/26/2024,1.882671785,4405,11,64743.36286,7339180977,,,08/16/2025,0.00349364318,156,477635753.3,1634051.786,147150510.3
,12/27/2024,2.002228359,4718,12,62938.73403,7390726286,,,08/17/2025,0.003665794257,137,444308026.5,1573311.446,140777366.7
,12/28/2024,2.089685699,2555,15,60001.51137,7531747493,,,08/18/2025,0.003108979252,187,451335099.4,1478546.417,175158003.2
,12/29/2024,1.984266739,608,8,62692.96026,7421532780,,,08/19/2025,0.002816448623,157,631339562.9,1844270.779,130219361.7
,12/30/2024,2.107826389,3605,12,69697.91157,7416699345,,,08/20/2025,0.003139070129,166,458559560.3,1369569.56,141818804.1
,12/31/2024,2.171625629,17688,18,73869.15131,7273463455,,,08/21/2025,0.002803799738,152,530206083.8,1561232.952,140185844
,01/01/2025,2.17623753,5699,17,64252.24614,7316400051,,,08/22/2025,0.003205367579,144,381830376.9,1083349.979,147013615.3
,01/02/2025,2.227722829,10785,21,75564.57705,7566756695,,,08/23/2025,0.003131472093,146,670930483.8,2109413.227,143429785.6
,01/03/2025,2.382783943,16157,27,78320.3671,7949775990,,,08/24/2025,0.002918214645,145,508694031.9,1508446.208,130828873.3
,01/04/2025,2.391352218,6464,23,73363.35495,8079525762,,,08/25/2025,0.002643021633,162,473801671.2,1394546.759,166673224.5
,01/05/2025,2.373774144,29666,18,82669.16533,8040881374,,,08/26/2025,0.002871998383,172,591218890.9,1630943.701,181536692.9
,01/06/2025,2.396200058,2439,14,75689.2804,8154146527,,,08/27/2025,0.003012184107,223,667057161.5,1937123.032,219469987.7
,01/07/2025,2.089669248,4359,25,807823.714,7490474880,,,08/28/2025,0.003510745103,203,752083676.7,2290708.092,213481303.3
,01/08/2025,1.947133847,4768,18,76647.66164,7368477086,,,08/29/2025,0.003503485701,162,631918567.9,2237396.887,161623184.3
,01/09/2025,1.873459607,9268,26,70827.02316,7152111690,,,08/30/2025,0.003435799933,130,471106784,1674321.551,124611537.5
,01/10/2025,1.924016241,6132,26,73476.92075,7284774352,,,08/31/2025,0.003354801131,101,392693460.2,1323560.905,127215169.4
,01/11/2025,1.908249898,10644,24,58687.47498,7328161101,,,09/01/2025,0.003382808093,135,384831245.4,1304877.521,140407158.7
,01/12/2025,1.861872532,3935,22,80096.363,7289180503,,,09/02/2025,0.003903941626,177,401030814.7,1456050.047,158308383.1
,01/13/2025,1.787393213,13217,25,67056.13918,6912036776,,,09/03/2025,0.004068856671,174,481051051,1905466.951,197838089
,01/14/2025,1.903008679,4395,22,76544.4744,7158315383,,,09/04/2025,0.004281503808,173,567622257.1,2466916.58,170672992.7
,01/15/2025,2.052635998,9834,28,613267.8887,7645727565,,,09/05/2025,0.004634696897,139,458699116.9,2119934.697,158896761.7
,01/16/2025,2.025828119,4992,27,129384.7493,7340509968,,,09/06/2025,0.004540154301,124,412507838.7,1944934.199,128479135.8
,01/17/2025,2.128061669,10272,27,118853.7042,7711891717,,,09/07/2025,0.004879209568,134,335013203.1,1563806.547,128506137.7
,01/18/2025,1.890291248,6988,26,97469.3788,7491535790,,,09/08/2025,0.004742677982,161,264302568.2,1235135.921,174268444.3
,01/19/2025,1.786755551,3153,22,69374.59151,7260952581,,,09/09/2025,0.0047715301,145,538419464.9,2523151.032,165704153.9
,01/20/2025,1.785736079,11406,28,90318.52033,7370259318,,,09/10/2025,0.005633078093,176,394482287.3,2061244.835,191240261.2
,01/21/2025,1.833000925,3799,29,31292.71073,7490016416,,,09/11/2025,0.005945824729,145,463097667.1,2583610.117,169935407.2
,01/22/2025,1.737417029,4451,28,129079.078,7296385549,,,09/12/2025,0.006215066592,145,373209961.2,2180418.641,184096345.4
,01/23/2025,1.753461204,8671,28,69358.07865,7496293277,,,09/13/2025,0.00743347776,146,349978871.6,2337547.768,157657031
,01/24/2025,1.681169889,5512,24,77876.69214,7446963754,,,09/14/2025,0.007985408341,248,253755565.9,2049319.925,239791723.2
,01/25/2025,1.71396005,6672,29,72867.52596,7468222922,,,09/15/2025,0.008594428473,286,368680803.4,3056038.585,257362284.6
,01/26/2025,1.6662927,4943,26,69171.06632,7259532461,,,09/16/2025,0.007828384711,228,405894469.8,3296848.192,236928855.5
,01/27/2025,1.604078934,74100,29,61136.71976,7112101348,,,09/17/2025,0.008204662788,165,366670732.1,2922248.455,185673592.1
,01/28/2025,1.440816184,2090,28,74547.42683,6766585500,,,09/18/2025,0.0078159059,121,287238709,2272127.409,149689676.3
,01/29/2025,1.529160119,5125,26,71307.30836,6898000776,,,09/19/2025,0.007168984268,131,244165702.8,1828449.267,167825272.7
,01/30/2025,1.582182132,7029,24,71213.8816,7326134287,,,09/20/2025,0.006973469997,86,278518571.2,1978827.368,119807533
,01/31/2025,1.643168233,15165,28,79197.30749,7556973283,,,09/21/2025,0.006544458211,73,203090286.8,1430865.83,105916403.6
,02/01/2025,1.44484511,5269,26,68158.29413,7142909321,,,09/22/2025,0.005679796382,86,202972403.4,1270823.507,113572655
,02/02/2025,1.180760533,1311,16,74457.91606,6557587786,,,09/23/2025,0.005838761517,80,229367606.3,1344765.043,107274781.3
,02/03/2025,1.283988517,1703,22,104288.1655,6566346270,,,09/24/2025,0.00563633762,74,220008800.1,1285443.077,99671604.25
,02/04/2025,1.187311084,2744,25,74271.10416,6242019933,,,09/25/2025,0.005024652073,75,214996985.7,1198913.65,94929515.73
,02/05/2025,1.162463506,4537,23,64560.60284,6320698352,,,09/26/2025,0.005250602227,81,217238719.3,1100045.994,93511286.76
,02/06/2025,1.085220334,3380,16,64058.27319,6049532858,,,09/27/2025,0.005178172805,70,224297719.3,1169388.15,81266722.87
,02/07/2025,1.090455862,7934,29,58427.98027,5863374509,,,09/28/2025,0.005966188454,18,175354180.9,967183.1662,79001885.36
,02/08/2025,1.137033456,38043,31,49362.47461,5883297401,,,09/29/2025,0.005749194559,43,168683388.9,969558.1015,136122248.2
,02/09/2025,1.116356588,2997,23,58411.4683,5872094639,,,09/30/2025,0.005952633256,112,274739152.4,1596143.514,139769629.2
,02/10/2025,1.127893464,5284,33,56125.9776,5911025086,,,10/01/2025,0.007057289109,124,259826574.2,1674656.153,148827832.7
,02/11/2025,1.095589052,6470,28,60730.05418,5849428920,,,10/02/2025,0.007038451387,87,270082515.6,1844736.326,139036013.8
,02/12/2025,1.183692579,41699,30,56983.90512,6127173019,,,10/03/2025,0.006872283123,106,239682326.7,1722487.512,132076871.7
,02/13/2025,1.16945369,5336,28,68174.77425,6003410771,,,10/04/2025,0.006687826827,81,243663612.6,1664135.736,95064998.74
,02/14/2025,1.178512804,3708,27,91670.54957,6104025791,,,10/05/2025,0.006423462173,86,177684673.5,1181189.256,105750589.9
,02/15/2025,1.110506272,5827,30,69335.54578,5996540243,,,10/06/2025,0.006209807018,119,204537723.9,1285794.917,141813776.4
,02/16/2025,1.093221843,5207,31,59695.19228,5922612196,,,10/07/2025,0.006440794611,75,257977295.4,1709584.055,93589055.17
,02/17/2025,1.141965135,4964,30,70774.84139,6116543531,,,10/08/2025,0.006163433806,61,184652163.4,1103730.548,60551580.08
,02/18/2025,1.088949294,6647,32,163622.6685,5953179127,,,10/09/2025,0.005544391549,63,139531016.7,798695.6832,81711713.32
,02/19/2025,1.11291973,3107,29,60852.51674,6049379491,,,10/10/2025,0.004051514663,69,187903334.2,1006069.098,75063739.25
,02/20/2025,1.164723387,6876,27,64565.63626,6122050883,,,10/11/2025,0.003770045641,68,210304950.3,860729.9056,62853697.89
,02/21/2025,1.114100323,39482,26,60972.37329,5937428683,,,10/12/2025,0.004332836725,48,188574786.7,748504.0358,56866668.76
,02/22/2025,1.170381273,4924,35,76213.46997,6321416311,,,10/13/2025,0.004320662776,65,179394901.1,732639.6125,73044267.91
,02/23/2025,1.154477607,11982,23,48664.352,6462130105,,,10/14/2025,0.004109305915,85,231295357.4,966209.2051,94194924.34
,02/24/2025,0.9467578868,4525,24,71822.03568,5717716028,,,10/15/2025,0.003822171537,87,290219692.8,1158507.167,90809654.18
,02/25/2025,0.9666018579,2529,26,71083.01788,5692768086,,,10/16/2025,0.003458152214,96,279880627.2,1055691.002,98868680.96
,02/26/2025,0.9481581547,10967,26,58877.53996,5293207579,,,10/17/2025,0.003517643845,67,334569174,1172088.192,38823144.3
,02/27/2025,0.9651283207,13096,25,55347.61897,5227548063,,,10/18/2025,0.003957914606,83,271350431.4,975155.7857,40665287.31
,02/28/2025,0.9487589567,5151,31,57517.23946,5053659555,,,10/19/2025,0.00390451832,90,267620066.3,1040587.24,44243347.11
,03/01/2025,0.9251170722,9212,29,49762.04636,4984444469,,,10/20/2025,0.003855370442,100,279481417,1079753.807,51590203.54
,03/02/2025,1.057141747,3793,24,56785.25272,5655060951,,,10/21/2025,0.00368377838,103,333632889.1,1311940.5,51939995.03
,03/03/2025,0.8534653314,9910,28,42805.09217,4826255940,,,10/22/2025,0.00347601362,99,343291305.9,1284375.865,45842447.15
,03/04/2025,0.8439322327,9798,32,70183.97783,4900454621,,,10/23/2025,0.003812095783,79,320050515.4,1140106.52,42469227.19
,03/05/2025,0.8569872752,15459,24,42311.47051,5031227183,,,10/24/2025,0.004160655702,85,322333990.4,1281581.178,44524773.68
,03/06/2025,0.8413626632,5486,26,58266.05489,4930104438,,,10/25/2025,0.004146795216,65,282118630,1153308.589,38511364.28
,03/07/2025,0.8076642226,19526,24,41915.63614,4787247287,,,10/26/2025,0.004741015886,85,216599344.5,984798.7235,40234657.31
,03/08/2025,0.7957515133,7422,27,50027.44335,4922890036,,,10/27/2025,0.004782633286,97,219536710.5,1032669.731,52218399.65
,03/09/2025,0.6722310272,3417,30,42388.65355,4608669898,,,10/28/2025,0.004629611412,120,285229762.2,1381435.308,53969574.61
,03/10/2025,0.6509027521,19446,30,63083.32952,4285520322,,,10/29/2025,0.00524790656,123,289951648.8,1442097.63,54267483.44
,03/11/2025,0.6731328552,1670,26,55496.14159,4363132254,,,10/30/2025,0.004414406519,114,292979484.5,1425577.765,57890836.86
,03/12/2025,0.6875131024,9008,24,46312.73726,4313549412,,,10/31/2025,0.004633510927,137,343298934.6,1510593.992,53049998.11
,03/13/2025,0.6649741253,4496,25,42086.16764,4174156671,,,11/01/2025,0.004652786496,104,303941091.5,1395821.845,52512822.18
,03/14/2025,0.6874186253,3090,27,396670.6501,4268212789,,,11/02/2025,0.004357489047,99,310300605.9,1367982.352,49444027.36
,03/15/2025,0.7024422895,11110,31,44257.60294,4343184501,,,11/03/2025,0.003870410188,122,298485413.2,1295484.372,53942825.44
,03/16/2025,0.6625290429,3874,22,32734.22742,4322161139,,,11/04/2025,0.003764722887,104,337320065.4,1331417.554,49779864.3
,03/17/2025,0.6874943868,11222,25,42572.81559,4450468660,,,11/05/2025,0.004154809781,113,318354834.4,1255902.922,47612153.92
,03/18/2025,0.673846285,18185,26,52832.01163,4441752543,,,11/06/2025,0.003696398898,98,329445043.4,1293823.107,48553275.47
,03/19/2025,0.7069042248,10989,26,42681.88212,4720562494,,,11/07/2025,0.004175073318,130,311328225.3,1212627.915,48977574.75
,03/20/2025,0.660453549,1825,24,43038.56745,4552485305,,,11/08/2025,0.003788183189,101,335127073.6,1319001.206,43790006.74
,03/21/2025,0.6371927373,16537,28,42606.18739,4528283136,,,11/09/2025,0.004113793693,96,298434700.4,1151372.389,40605627.99
,03/22/2025,0.6578294806,11703,27,37389.24308,4579577743,,,11/10/2025,0.004500245115,135,254328640.1,1111606.885,56302625.58
,03/23/2025,0.6555358242,3887,27,50730.44967,4760615544,,,11/11/2025,0.00410443223,126,339316974.6,1543955.999,50479508.74
,03/24/2025,0.6843765838,11599,27,43657.3774,4982936093,,,11/12/2025,0.003910913556,128,341355031,1372138.751,49777102.96
,03/25/2025,0.690722829,16406,35,49895.02858,4976301038,,,11/13/2025,0.003635331901,109,334056083.2,1271366.068,43355054.41
,03/26/2025,0.6731712743,12735,33,31403.91508,4835876480,,,11/14/2025,0.003492563161,124,303829074.5,1114543.803,41033573.51
,03/27/2025,0.6903059411,7471,35,58813.49877,4843933503,,,11/15/2025,0.003593077694,115,316942921.5,1112680.03,36197798.91
,03/28/2025,0.6194839599,8590,36,82079.51085,4591802455,,,11/16/2025,0.003428862815,104,270572154.4,920743.1449,35623510.77
,03/29/2025,0.5917466914,10005,31,90876.53476,4460383852,,,11/17/2025,0.002879848328,123,302084157.7,854889.61,38391018.46
,03/30/2025,0.5873641517,4893,26,43095.66719,4409590221,,,11/18/2025,0.003132784028,109,332746631.2,1036939.44,41045600.29
,03/31/2025,0.5779122164,5512,29,63732.25293,4464559970,,,11/19/2025,0.003184047429,109,354926130.6,1095005.088,43399994.6
,04/01/2025,0.5867048694,20938,34,55687.45825,4692644636,,,11/20/2025,0.002947680769,91,382689900.3,1156147.473,39411812.36
,04/02/2025,0.5099713406,9405,32,48041.41031,4423759920,,,11/21/2025,0.002747469456,99,339039595.9,990830.3409,33776973.68
,04/03/2025,0.521539527,4083,25,49907.11339,4466583778,,,11/22/2025,0.002660093899,76,328184492.5,886244.767,32076569.74
,04/04/2025,0.5173352234,2948,31,46406.26386,4457243273,,,11/23/2025,0.002524578386,72,325391113.4,837121.3941,27026453.02
,04/05/2025,0.5203160188,7590,30,44577.51811,4444404867,,,11/24/2025,0.002814481706,92,263270031.8,694545.9861,30625462.77
,04/06/2025,0.4466271424,2885,25,33192.73563,3853398908,,,11/25/2025,0.002783560466,84,306106321,852054.6074,36679259.43
,04/07/2025,0.4622970743,21569,27,75242.20647,3804725308,,,11/26/2025,0.002933790874,118,337084371.5,958042.8986,44591468.72
,04/08/2025,0.4328082619,7338,27,44089.41899,3599609408,,,11/27/2025,0.002916315663,109,418901340.5,1242710.244,40347017.6
,04/09/2025,0.4921123451,10008,28,33689.034,4055387273,,,11/28/2025,0.002924923725,119,361335804.6,1081850.622,45274424.22
,04/10/2025,0.4632901303,15995,33,48441.13663,3701653514,,,11/29/2025,0.00289744484,95,410006076.9,1192678.12,41868184.01
,04/11/2025,0.4787548359,5224,29,39620.29463,3807500209,,,11/30/2025,0.002969071746,115,355069303.9,1075508.731,39005532.71
,04/12/2025,0.5026873125,8582,36,39854.23982,3980867618,,,12/01/2025,0.002797112581,119,354424765.7,1021493.747,41372606.17
,04/13/2025,0.4720182505,5840,24,41121.67044,3842904555,,,12/02/2025,0.003250691535,172,390191038.9,1113042.475,49975724.71
,04/14/2025,0.4639638007,11017,34,31662.67927,3898473818,,,12/03/2025,0.003173675491,138,436282785.5,1383508.39,48355393.79
,04/15/2025,0.4374776608,9231,34,47763.61439,3810832309,,,12/04/2025,0.003120327781,139,397929382.5,1289627.19,51665331.53
,04/16/2025,0.422702712,11230,33,73687.56269,3783915860,,,12/05/2025,0.002840783426,162,439839781,1339159.472,45453364.59
,04/17/2025,0.4274590061,10665,51,92061.06455,3800448195,,,12/06/2025,0.002979499429,121,403486252.9,1195337.248,39573240.11
,04/18/2025,0.4403740478,7780,51,184781.876,3827604573,,,12/07/2025,0.002896848657,105,350742644.7,1047657.394,31341411.81
,04/19/2025,0.4755842073,10720,55,55898.66198,3890012644,,,12/08/2025,0.003054719589,135,287631630.7,856811.8513,45997844.41
,04/20/2025,0.4754748613,9309,40,38512.96868,3823611674,,,12/09/2025,0.003066097149,150,404616264.1,1206263.57,42803528.48
,04/21/2025,0.5099318954,9938,45,37439.77289,3809440806,,,12/10/2025,0.002873401059,152,401467837.5,1207688.096,42255139.2
,04/22/2025,0.5439161918,22198,52,87435.15284,4255933632,,,12/11/2025,0.002861640612,142,394906917.9,1139391.887,43392947.7
,04/23/2025,0.5842911156,8003,52,54824.64413,4357467201,,,12/12/2025,0.002760231232,134,436923777.4,1241197.839,40451030.28
,04/24/2025,0.5890425524,58235,50,46246.7282,4328172033,,,12/13/2025,0.002797877307,118,389614289.4,1083450.062,31712774.01
,04/25/2025,0.6035167776,105247,84,37621.66329,4364574545,,,12/14/2025,0.002647232168,97,311773230.8,862872.2944,32804811.65
,04/26/2025,0.6127959435,20552,90,46234.53617,4450111624,,,12/15/2025,0.0025160192,112,329320723.5,865182.1995,34085040.74
,04/27/2025,0.5585535435,92945,88,47404.45409,4404484566,,,12/16/2025,0.002348420804,124,377157346.4,903739.0108,35279179.15
,04/28/2025,0.5850044446,49910,105,44565.08143,4372234255,,,12/17/2025,0.00208926102,125,422851389.1,967479.7449,33687090.49
,04/29/2025,0.5803611768,51013,104,39212.48721,4377145762,,,12/18/2025,0.001864121893,121,452116998.3,895657.9608,32739293.3
,04/30/2025,0.5895275087,52233,134,45267.48723,4367430793,,,12/19/2025,0.001989298154,124,452540973.6,853004.4637,32944618.38
,05/01/2025,0.5915862284,42934,126,44814.29589,4473165160,,,12/20/2025,0.001965362048,97,468035021,928369.8019,32199372
,05/02/2025,0.5859203456,34467,146,39322.03896,4477772976,,,12/21/2025,0.001979098644,132,449736429.8,881151.3937,32992592.61
,05/03/2025,0.5387816929,32824,143,45060.63806,4459153438,,,12/22/2025,0.00191009737,164,466921003.2,919685.8701,44796415.99
,05/04/2025,0.5200507181,69379,131,49228.083,4393743918,,,12/23/2025,0.001732050612,140,694924379.6,1241759.841,40845678.25
,05/05/2025,0.5127512636,84560,142,49288.19914,4478590470,,,12/24/2025,0.001742482605,121,626070651.4,1095063.436,35947940.29
,05/06/2025,0.5050609317,23857,151,34020.6948,4467017744,,,12/25/2025,0.001732206891,118,552858418.9,982474.2268,33433643.87
,05/07/2025,0.548189275,70595,157,39366.13209,4469142895,,,12/26/2025,0.001807167781,123,531003715.5,921194.7171,36321984.41
,05/08/2025,0.7081364239,52578,147,184981.1616,5428363929,,,12/27/2025,0.001873871852,117,530234560.2,972420.522,37084969.96
,05/09/2025,0.7440212855,52061,174,65031.84484,6010740439,,,12/28/2025,0.001881893419,137,530095111.5,999682.9657,39605003.79
,05/10/2025,1.126331591,43650,161,59716.94288,6478176002,,,12/29/2025,0.00180755646,156,610307857.9,1112491.742,42651134.62
,05/11/2025,1.072582812,33784,149,49843.89547,6308332779,,,12/30/2025,0.00184253379,155,672733897.2,1203022.18,43033816.05
,05/12/2025,1.052270977,59239,148,69824.07014,6271572886,,,12/31/2025,0.001916429503,140,638381229.8,1228077.945,36941280.48
,05/13/2025,1.380210999,46406,168,302440.8098,6721214900,,,01/01/2026,0.002110655702,126,497445984.8,1019944.18,36037399.11
,05/14/2025,1.347137947,66913,189,73922.2621,6522065954,,,01/02/2026,0.002267024189,124,463499218.9,996390.8135,38506962.4
,05/15/2025,1.440848414,72467,183,69116.61352,6362812619,,,01/03/2026,0.002326518656,117,474493798.2,1080792.186,28836415.85
,05/16/2025,1.321323788,140156,196,71221.90299,6434204810,,,01/04/2026,0.002347516203,103,375724560,869416.5124,31271783.31
,05/17/2025,1.241208221,47216,221,65510.96657,6312641043,,,01/05/2026,0.002509563049,157,371861639.9,885798.7737,45264945.51
,05/18/2025,1.344932281,66282,227,66322.11278,6292489859,,,01/06/2026,0.002653717067,207,528200236.3,1283295.676,56278103.91
,05/19/2025,1.280145389,109534,238,179118.1411,6426937452,,,01/07/2026,0.002349772703,201,663395477.5,1625581.241,51766244.45
,05/20/2025,1.270773313,153791,254,91200.23399,6429310106,,,01/08/2026,0.002184135435,180,654948931,1442268.953,50755674.16
,05/21/2025,1.336127054,142547,278,79051.549,6557748581,,,01/09/2026,0.002349965091,182,646830590.3,1444928.885,53420248.79
,05/22/2025,1.360380375,151689,294,70539.37389,6855158865,,,01/10/2026,0.002294886576,168,578681058,1349843.423,49574815.46
,05/23/2025,1.226454213,79392,317,65818.97442,6499718507,,,01/11/2026,0.002387363457,159,646866549.2,1543689.124,49518727.19
,05/24/2025,1.229444502,78188,322,73087.6286,6542635075,,,01/12/2026,0.002425513022,204,588015539.1,1455764.947,58305823.49
,05/25/2025,1.238590525,56546,294,64453.43594,6579637714,,,01/13/2026,0.002655982385,226,666257869.9,1653603.464,60471216.18
,05/26/2025,1.238909645,102030,287,71769.96523,6621531740,,,01/14/2026,0.002821755582,215,637350286.5,1798020.496,62145144.69
,05/27/2025,1.378759685,75516,300,63147.19414,6883770193,,,01/15/2026,0.00271503013,218,628769583.7,1792799.189,67356880.4
,05/28/2025,1.382008234,99322,344,124171.2344,6916661886,,,01/16/2026,0.002953947277,137,658531050,1892371.308,37547242.63
,05/29/2025,1.336774133,112691,347,293131.6103,6899871385,,,01/17/2026,0.002790858403,106,431277630.1,1267350.626,39980004.64
,05/30/2025,1.074219632,113422,356,88424.00586,6791981481,,,01/18/2026,0.00261624177,132,407627982.6,1125386.051,43138149.6
,05/31/2025,1.135362061,159209,400,66603.96019,6886279215,,,01/19/2026,0.002645115433,186,455231229.7,1193022.075,43919582.74
,06/01/2025,1.16935562,183514,394,63886.82182,6890435263,,,01/20/2026,0.002395499043,160,497032577.8,1307779.632,40222972.27
,06/02/2025,1.229685603,200366,411,81001.9479,7082291633,,,01/21/2026,0.002642684821,164,461115295.1,1148649.313,37765441.53
,06/03/2025,1.222919437,98786,417,75759.40524,7046466140,,,01/22/2026,0.00246496936,146,447099650.5,1148019.359,38594169.44
,06/04/2025,1.148943533,191600,453,140517.6402,7114461350,,,01/23/2026,0.002395042047,181,459537012.7,1140409.915,41689021.52
,06/05/2025,1.06384567,126408,468,63897.93111,6657455819,,,01/24/2026,0.002737161168,224,473009076.3,1256329.012,56359003.53
,06/06/2025,1.129731469,118158,500,70635.97834,6814710816,,,01/25/2026,0.002462056821,311,668268708.7,1739420.036,63359411.4
,06/07/2025,1.165842922,128150,546,76829.90001,6988676712,,,01/26/2026,0.002707415282,330,780073450.2,1944941.237,73209709.51
,06/08/2025,1.152106898,115913,526,24622.50078,6940015102,,,01/27/2026,0.003179144993,310,756529623.9,2300502.852,70057328.59
,06/09/2025,1.277133738,195108,516,114515.7389,7429854591,,,01/28/2026,0.003064917058,258,695217015.4,2227962.346,67644287.5
,06/10/2025,1.372643508,263431,611,243653.3244,7768323964,,,01/29/2026,0.002826044149,271,658661389.3,2012093.412,63019996.79
,06/11/2025,1.275601887,215553,629,90107.71709,7692139041,,,01/30/2026,0.002802724179,359,666705706,1878105.384,68967876.01
,06/12/2025,1.125386218,201484,639,66648.51226,7375312197,,,01/31/2026,0.002697299048,284,790400058.3,2211849.982,50938730.67
,06/13/2025,1.10947532,177178,671,87786.05765,7131606306,,,02/01/2026,0.002564123837,234,571422726.6,1519318.589,43763006.04
,06/14/2025,1.078380089,139362,689,71011.90912,7014623331,,,02/02/2026,0.002405088159,245,547328428.3,1304714.584,46910502.85
,06/15/2025,1.072407866,146000,726,63858.51831,7041583517,,,02/03/2026,0.00239878441,266,590074993.4,1460029.035,49821766.32
,06/16/2025,1.080918757,242896,739,82473.44895,7078008877,,,02/04/2026,0.002268356611,288,616331179,1486163.707,45123940.94
,06/17/2025,1.01471204,307869,767,93653.87273,6997592220,,,02/05/2026,0.001934858096,297,596793409.3,1378199.355,41613149.66
,06/18/2025,1.006563019,180267,811,67974.50772,7006506813,,,02/06/2026,0.002113363756,292,599059570.6,1174914.839,38743290.65
,06/19/2025,1.003090117,156504,810,314540.454,7019015114,,,02/07/2026,0.002099289912,244,632855725.2,1318277.488,38716791.75
,06/20/2025,0.9400496849,246283,803,103172.619,6685133073,,,02/08/2026,0.002099324869,256,582306434.3,1240652.236,35901111.06
,06/21/2025,0.8525365521,205346,820,76327.14441,6302395934,,,02/09/2026,0.002003755772,282,565965771.3,1174470.221,38491977.45
,06/22/2025,0.8399825183,195231,820,78900.03134,6180446067,,,02/10/2026,0.001910546672,283,624685813.3,1261352.035,41493882.56
,06/23/2025,0.9722257925,222891,822,68769.48708,6702133335,,,02/11/2026,0.001842294631,279,664449041.2,1290068.363,38742789.57
,06/24/2025,0.9838668925,249422,832,84775.11512,6765320894,,,02/12/2026,0.001919504377,275,644080297.1,1228986.457,27021118.55
,06/25/2025,0.9223881302,233591,881,79630.7566,6672362734,,,02/13/2026,0.002092500111,284,620782956.4,1194756.84,4407.48
,06/26/2025,0.9266095014,328026,941,81646.50748,6669510272,,,02/14/2026,0.00235006638,231,615440527.5,1336664.737,3704.93
,06/27/2025,0.8988545732,297816,983,107505.0579,6691124197,,,02/15/2026,0.002199267622,228,496076403.9,1118606.64,3220.02
,06/28/2025,0.9221574195,257107,1030,62559.88789,6719529274,,,02/16/2026,0.002219474255,257,519728058.5,1157827.167,7816.35
,06/29/2025,1.048736492,204658,975,76126.1858,6893621687,,,02/17/2026,0.002201562866,375,609533098.9,1357692.136,3800.58
,06/30/2025,0.9636390007,324534,1059,115299.7562,6848606816,,,02/18/2026,0.002013187781,321,738275405.1,1577968.489,4128.88
,07/01/2025,0.8935715637,402928,1044,89387.17397,6618466685,,,02/19/2026,0.002068861896,267,705752169,1444291.349,7255.85
,07/02/2025,1.010269274,358071,1100,147034.7588,7086347943,,,02/20/2026,0.002102428884,295,628457878.5,1294325.37,4426.47
,07/03/2025,0.9936301414,368514,1132,63024.42562,7115148372,,,02/21/2026,0.002123052206,269,683861877.4,1420452.07,92227968.46
,07/04/2025,0.9266051765,358727,1147,103428.7233,6899339513,,,02/22/2026,0.002015752845,257,601603734.1,1248606.552,92038440.98
,07/05/2025,0.9309019353,349919,1147,86602.60203,7150746953,,,02/23/2026,0.001795146603,302,644838951.4,1250802.17,95774633.68
,07/06/2025,0.954271207,189903,1088,78696.8372,7307342689,,,02/24/2026,0.00170237448,340,750612311.9,1296587.161,29933257.61
,07/07/2025,0.9708622563,356250,1102,103785.3876,7230165822,,,02/25/2026,0.00186566355,325,791751255.2,1346265.454,0
,07/08/2025,0.9393492491,394862,1153,90259.36431,7410967213,,,02/26/2026,0.001785688741,260,835708138,1511804.095,40049606.46
,07/09/2025,1.080318101,278545,1153,93038.35554,7852236768,,,02/27/2026,0.001794599458,304,627131656,1183345.215,97153207.48
,07/10/2025,1.182518094,372078,1193,96287.60678,8349016189,,,02/28/2026,0.001917444222,261,735663435.6,1340779.237,89595601.4
,07/11/2025,1.13422511,307285,1278,99096.25567,8387308638,,,03/01/2026,0.001922551716,228,656813466.3,1265728.081,89708308.03
,07/12/2025,1.120241942,220854,1305,84631.91715,8348831634,,,03/02/2026,0.001975820634,281,607982785.4,1174815.449,105243100.6
,07/13/2025,1.151640513,300898,1243,89998.15763,8441190243,,,03/03/2026,0.00192444214,268,728075086.2,1426807.479,95402572.33
,07/14/2025,1.12508547,372054,1250,414283.2644,8552163477,,,03/04/2026,0.002053266589,269,652944277.6,1280290.641,101832281.2
,07/15/2025,1.229025345,295252,1301,106530.4229,8910424513,,,03/05/2026,0.002026612239,252,661150699.9,1367189.958,91607610.14
,07/16/2025,1.301572361,341951,1334,97861.634,9579674631,,,03/06/2026,0.001858365455,293,620034353.5,1242577.483,108825564.2
,07/17/2025,1.326527054,446158,1339,128018.9713,9925412393,,,03/07/2026,0.001883764997,248,746627435.7,1430750.008,85299588.91
,07/18/2025,1.260605945,329617,1358,384594.1409,10115049123,,,03/08/2026,0.001918032023,240,606173078,1165834.849,76345717.56
,07/19/2025,1.288295396,299934,1384,117462.2711,10212643742,,,03/09/2026,0.001953334528,296,552011284.7,1049842.396,92011628.75
,07/20/2025,1.328135935,273153,1336,143315.4708,10595322415,,,03/10/2026,0.002006401779,292,625228445.6,1250245.952,92182433.65
,07/21/2025,1.34910823,397841,1457,172056.8093,10616234746,,,03/11/2026,0.002034523966,483,601674704,1204308.639,93038108.32
,07/22/2025,1.295955165,323953,1480,121335.5473,11484381462,,,03/12/2026,0.002103298136,648,611606954.5,1268081.567,107452390.9
,07/23/2025,1.149436225,461107,1472,167468.0473,11137620865,,,03/13/2026,0.001974098604,471,669221760.3,1345690.826,96468719.18
,07/24/2025,1.116978774,438495,1532,121657.2361,11345260937,,,03/14/2026,0.001992337953,495,633638301.9,1269213.744,81125399.61
,07/25/2025,1.169407165,354550,1552,95921.5255,11411090877,,,03/15/2026,0.001940311192,476,573861683,1132752.299,82712865.15
,07/26/2025,1.220104939,266798,1589,129085.6802,11453315289,,,03/16/2026,0.002159304428,515,568520655.8,1159709.201,110875019.6
,07/27/2025,1.278193307,309481,1528,62480.29337,11836162519,,,03/17/2026,0.002091898196,417,694343199.1,1473586.808,93520670.6
,07/28/2025,1.157240245,443172,1557,157031.1398,11589316241,,,03/18/2026,0.00196720992,517,600578362.9,1252113.602,88322098.85
,07/29/2025,1.20783258,375537,1561,96247.96738,11586121499,,,03/19/2026,0.001838870733,500,581293764.9,1096011.078,86929651.8
,07/30/2025,1.158563578,342186,1597,66309.06274,11734009901,,,03/20/2026,0.001866678791,487,546873433.7,1025635.272,71728488.22
,07/31/2025,1.063099037,492056,1666,98586.31085,11157056104,,,03/21/2026,0.001843297868,251,514300725.3,967335.4475,40402873.17
,08/01/2025,0.9474585608,580087,1652,96224.54563,10542519573,,,03/22/2026,0.001764250158,285,314812882.1,568606.3231,46907846.89
,08/02/2025,0.9312220789,275589,1618,79919.31039,10261301546,,,03/23/2026,0.001806972992,285,373104223.9,641154.1422,75370268.29
,08/03/2025,1.000235326,245964,1478,78275.69832,10563370423,,,03/24/2026,0.00183074605,309,547418647.1,992518.991,78482440.55
,08/04/2025,1.04178256,289011,1539,287242.1023,11226910263,,,03/25/2026,0.001902688127,309,557634087.3,1043119.921,83919275.19
,08/05/2025,0.9854463592,445823,1561,94041.27411,10960989989,,,03/26/2026,0.001783570792,259,610267585.9,1154895.121,77361762.27
,08/06/2025,1.029921761,427518,1646,91172.69258,11136755883,,,03/27/2026,0.001708364496,269,566875817.9,1014204.793,75221789.56
,08/07/2025,1.097623117,566377,1746,73722.33032,11832889765,,,03/28/2026,0.001705530854,335,582818343.6,1009672.5,71852649.42
,08/08/2025,1.142900892,416865,1786,106765.8432,12051937914,,,03/29/2026,0.001669751109,265,538302199.5,920971.213,67174325.33
,08/09/2025,1.230868207,328912,1794,89612.18669,12806979334,,,03/30/2026,0.001654124598,439,514254722,847922.7355,119799470.8
,08/10/2025,1.235291949,315366,1736,95405.91749,12771746303,,,03/31/2026,0.001670540831,301,928264970.3,1546278.706,79876018.6
,08/11/2025,1.196205249,522685,1792,273544.4628,12664877660,,,04/01/2026,0.00168368056,242,653645246.3,1121662.68,83679596.24
,08/12/2025,1.225415646,400515,1858,111892.783,13754128166,,,04/02/2026,0.001631064051,336,667563448.8,1108155.986,76484319.83
,08/13/2025,1.377181437,472318,1882,115183.2728,14217922111,,,04/03/2026,0.001648617984,242,628039363.6,1029573.674,77504844.11
,08/14/2025,1.184128396,520279,1929,90289.09401,13515892046,,,04/04/2026,0.001670339405,282,609722754.9,1012097.861,75648303.31
,08/15/2025,1.145059588,454327,1971,112477.4114,13140457229,,,04/05/2026,0.001691493739,252,577442794.4,966489.0894,60911437.7
,08/16/2025,1.176706553,384451,2033,102495.0498,13134749656,,,04/06/2026,0.001679738992,226,480216218.5,832265.3957,82475387.47
,08/17/2025,1.217128394,406285,1985,104868.4928,13317343679,,,04/07/2026,0.001872247228,255,599903214.8,1031614.399,81009095.91
,08/18/2025,1.118096259,515510,1920,196179.935,12814334466,,,04/08/2026,0.001757165514,267,585149122,1053758.867,94762142.61
,08/19/2025,1.047943151,360712,2015,77354.7513,12092184318,,,04/09/2026,0.001801461317,324,553523380,984462.3504,109540860.8
,08/20/2025,1.108410658,431094,2038,102659.5709,12863853711,,,04/10/2026,0.001855532241,373,506049993.7,931613.2069,81993010.67
,08/21/2025,1.075388179,401966,2153,408198.2801,12377582207,,,04/11/2026,0.001910162132,277,482788559.9,899901.1628,70114350.46
,08/22/2025,1.285579885,488848,2272,262143.4679,14144706664,,,04/12/2026,0.001783105735,195,400745488,725108.5181,60044809.26
,08/23/2025,1.276664303,429798,2254,110579.4675,13982183287,,,04/13/2026,0.001915139693,241,414329768.3,749617.0746,73656930.53
,08/24/2025,1.26927797,370779,2285,76536.12024,13991971252,,,04/14/2026,0.001826612589,267,499795945.1,944389.9618,82970212.31
,08/25/2025,1.099451296,436800,2324,846201.8038,12832760480,,,04/15/2026,0.001909501291,237,503796242.2,948472.6821,77834934.62
,08/26/2025,1.094131684,534313,2328,113321.8236,13464122995,,,04/16/2026,0.002009258223,324,508193641.8,997287.9634,87282863.37
,08/27/2025,1.068727481,475847,2468,111246.645,13166425376,,,04/17/2026,0.002002122547,249,516619528.2,1036497.758,77155422.4
,08/28/2025,1.136069593,619347,2544,85895.62561,13191048264,,,04/18/2026,0.001882715132,244,522152450.4,1006641.63,64427670.52
,08/29/2025,1.079861353,523303,2606,171405.9008,12775508675,,,04/19/2026,0.001773215102,199,445941452.1,819929.4489,62687550.3
,08/30/2025,1.081352394,486755,2639,103510.2664,12791008515,,,04/20/2026,0.001819342441,240,415333659.1,755369.2034,77462789.44
,08/31/2025,1.069588516,521049,2490,113481.1896,12812899531,,,04/21/2026,0.001846105448,243,502355695.3,923500.3665,75101835.74
,09/01/2025,1.024429327,786694,2587,195260.1442,12553666620,,,04/22/2026,0.001843110053,196,492655610.5,933561.056,76593001.73
,09/02/2025,1.109829943,665997,2996,127943.3116,12607519143,,,04/23/2026,0.001800582735,255,450174101.5,811954.4575,72148970.03
,09/03/2025,1.147143188,627976,3745,150912.0438,12939592754,,,04/24/2026,0.001777466456,207,421544886.5,753000.7362,74118168.69
,09/04/2025,1.106703118,897053,4595,190346.9328,12494857930,,,04/25/2026,0.00174998247,226,469904818.8,825231.4117,73429028.4
,09/05/2025,1.163104511,758917,4812,191364.2462,12507891456,,,04/26/2026,0.001765222709,250,435326689.8,765602.3743,76141503.82
,09/06/2025,1.157748898,674697,4757,179745.7168,12343257349,,,04/27/2026,0.001772402362,289,455708134.6,808248.6216,90220691.5
,09/07/2025,1.175313544,710409,4821,167863.8673,12429581137,,,04/28/2026,0.001891026085,329,832720894.8,1536333.1,82045925.02
,09/08/2025,1.192485043,698141,5020,402876.6956,12422385964,,,04/29/2026,0.001742353298,360,374804922.3,677826.6827,69707778.27
,09/09/2025,1.253960554,709534,5591,170154.4552,12482167956,,,04/30/2026,0.001774605187,298,350128846.8,616876.4136,61065545.91
,09/10/2025,1.308744187,777092,5859,167535.2679,12477582364,,,05/01/2026,0.001812620267,249,332798899.6,605376.0611,68309962.57
,09/11/2025,1.4687876,981594,5855,174056.2679,12760584906,,,05/02/2026,0.001818790804,204,252010077.3,459610.6342,54897829.55
,09/12/2025,1.445281816,965036,5374,212235.2478,13424804298,,,05/03/2026,0.001802000477,182,262140905.4,473685.6822,55101968.74
,09/13/2025,1.572565207,771261,4583,129275.6398,13273368741,,,05/04/2026,0.001822407352,234,289681965.8,531410.1642,60390669.91
,09/14/2025,1.468758512,666052,3961,114903.2815,13102541471,,,05/05/2026,0.001855354615,220,284903736.9,523203.1654,52682587.73
,09/15/2025,1.440475598,748832,3806,481972.5314,12815917574,,,05/06/2026,0.001944549358,314,293917079.6,571887.9306,58987203.41
,09/16/2025,1.516946437,735780,3884,123892.8055,12740359100,,,05/07/2026,0.002013432476,251,300914711.9,599824.4849,65123194.01
,09/17/2025,1.601887297,925299,3891,98040.99485,12851058347,,,05/08/2026,0.002142205836,294,320229645.9,661451.0835,64588423.81
,09/18/2025,1.606495043,789575,3878,504569.6148,12818977311,,,05/09/2026,0.002141704053,186,245936116.4,533629.5462,60166090
,09/19/2025,1.485292444,898695,4093,122259.2674,12440477729,,,05/10/2026,0.002204065384,187,230311919.5,503353.7121,49802907.01
,09/20/2025,1.500854017,654628,4091,110150.6798,12464385606,,,05/11/2026,0.00209744,,,,
,09/21/2025,1.467832217,696874,3899,112675.6144,12518624481,,,,,,,,
,09/22/2025,1.451846974,772221,3769,194389.8931,11806973938,,,,,,,,
,09/23/2025,1.466418386,709125,3863,148928.3065,11711138662,,,,,,,,
,09/24/2025,1.650210142,705092,3872,171802.9358,11654423694,,,,,,,,
,09/25/2025,1.476980525,917940,3969,132660.9328,10845434747,,,,,,,,
,09/26/2025,1.587476948,861042,4228,144560.9418,11333836454,,,,,,,,
,09/27/2025,1.621670377,1147303,4377,198206.5913,11272848565,,,,,,,,
,09/28/2025,1.600904268,789082,4229,204051.7748,11590385980,,,,,,,,
,09/29/2025,1.500745337,962596,4331,255094.263,11790861211,,,,,,,,
,09/30/2025,1.426723922,1053928,4902,178348.6041,11571686528,,,,,,,,
,10/01/2025,1.428366279,1149275,4708,170811.4644,12134557696,,,,,,,,
,10/02/2025,1.759356672,1321986,4648,188000.4954,12531369474,,,,,,,,
,10/03/2025,1.807170604,1145765,4755,158655.2325,12590154219,,,,,,,,
,10/04/2025,1.824845853,1031317,4663,422709.9645,12498753448,,,,,,,,
,10/05/2025,1.810883411,737130,4370,128927.9841,12481567597,,,,,,,,
,10/06/2025,1.822134221,1042791,4506,216861.6441,12963114525,,,,,,,,
,10/07/2025,1.791498823,915188,4547,151978.3073,12299742405,,,,,,,,
,10/08/2025,1.697055953,1038524,4673,141731.7758,12498991306,,,,,,,,
,10/09/2025,1.623542459,1098935,4765,141679.4172,12051756855,,,,,,,,
,10/10/2025,1.191262569,1149278,4782,183021.2622,10602604383,,,,,,,,
,10/11/2025,1.112347125,834622,4575,139519.3324,10375999484,,,,,,,,
,10/12/2025,1.251220898,873719,4369,94786.83655,11515582397,,,,,,,,
,10/13/2025,1.283326661,1285235,4432,176986.4475,11750032100,,,,,,,,
,10/14/2025,1.241236914,929621,4414,131934.8041,11415587919,,,,,,,,
,10/15/2025,1.159551408,1186238,4570,134655.7309,11116310479,,,,,,,,
,10/16/2025,1.106119535,1039364,4542,127284.6482,10858301888,,,,,,,,
,10/17/2025,1.077638472,1340195,4714,105236.2767,10702690313,,,,,,,,
,10/18/2025,1.069738373,824166,4861,111749.6732,10867740930,,,,,,,,
,10/19/2025,1.076607574,790395,4538,110939.0731,11132675606,,,,,,,,
,10/20/2025,1.069103827,1028102,4494,162552.9867,11095343892,,,,,,,,
,10/21/2025,1.006785015,933071,4631,125726.9089,10806487334,,,,,,,,
,10/22/2025,0.9606730127,1235831,4677,106501.5596,10670856163,,,,,,,,
,10/23/2025,0.971666867,1323371,4809,135253.9885,10819168152,,,,,,,,
,10/24/2025,1.020732698,1366479,5112,129672.941,11048800885,,,,,,,,
,10/25/2025,1.027599213,1111715,5063,122203.6622,11083527972,,,,,,,,
,10/26/2025,1.041731361,917419,4861,122215.7372,11667452007,,,,,,,,
,10/27/2025,0.9710427177,1204604,4857,209556.8056,11527124506,,,,,,,,
,10/28/2025,0.9507367287,1103711,5043,116780.4461,11118839965,,,,,,,,
,10/29/2025,0.9722612464,1070387,5114,213427.6884,10874137793,,,,,,,,
,10/30/2025,0.9089948067,1151188,5785,170480.6254,10609044471,,,,,,,,
,10/31/2025,0.9703818808,1250458,5587,150241.4289,10727759091,,,,,,,,
,11/01/2025,1.001312212,1348674,5649,141163.3161,10793667168,,,,,,,,
,11/02/2025,0.9969256237,948971,5363,97823.05034,10875417664,,,,,,,,
,11/03/2025,0.8622286398,1454883,5308,196285.9423,10002698002,,,,,,,,
,11/04/2025,0.8252912684,1163683,5278,131898.5746,9143107032,,,,,,,,
,11/05/2025,0.87026273,1154731,5248,128131.5981,9509635299,,,,,,,,
,11/06/2025,0.8572562249,1131987,5430,122071.6483,9189930125,,,,,,,,
,11/07/2025,0.9813355912,1258773,5593,109989.4471,9514613641,,,,,,,,
,11/08/2025,0.9622502818,1035048,5539,119088.8847,9419782021,,,,,,,,
,11/09/2025,0.9947105416,1120030,5257,122681.5149,9913555338,,,,,,,,
,11/10/2025,1.016043696,1309815,5347,195043.933,9875557373,,,,,,,,
,11/11/2025,0.9476422452,1357142,5522,139585.1667,9425969700,,,,,,,,
,11/12/2025,0.9294233572,1310458,5376,110846.0658,9393877829,,,,,,,,
,11/13/2025,0.9722158696,1317068,5476,132554.8649,8894975757,,,,,,,,
,11/14/2025,0.9025082077,1113452,5556,162740.9275,8531677647,,,,,,,,
,11/15/2025,0.9276857477,1020940,5635,111685.1564,8687461557,,,,,,,,
,11/16/2025,0.8954540685,975671,5447,109275.6024,8482017060,,,,,,,,
,11/17/2025,0.8417685073,1224650,5404,188460.3632,8271833826,,,,,,,,
,11/18/2025,0.9197494444,1308924,5358,120478.9001,8510484360,,,,,,,,
,11/19/2025,0.9031025506,1054994,5413,115667.4979,8202502416,,,,,,,,
,11/20/2025,0.8154275227,1340430,5575,159295.7599,7688007371,,,,,,,,
,11/21/2025,0.7240468946,1290167,5714,114763.7937,7487328858,,,,,,,,
,11/22/2025,0.6757180523,1155643,5775,109296.7027,7502275862,,,,,,,,
,11/23/2025,0.6773551203,971771,5411,92989.50676,7587488191,,,,,,,,
,11/24/2025,0.7651963442,1417779,5511,168088.1063,8000052147,,,,,,,,
,11/25/2025,0.7602856535,1245778,5559,127745.0388,8002753107,,,,,,,,
,11/26/2025,0.7715682756,1342655,5664,322418.6233,8137724779,,,,,,,,
,11/27/2025,0.8015910038,1285702,5776,120388.7031,8089690846,,,,,,,,
,11/28/2025,0.8238880131,1484441,6126,128535.9687,8136548637,,,,,,,,
,11/29/2025,0.8118743775,1367609,6028,122183.3551,8022733454,,,,,,,,
,11/30/2025,0.8103216415,1229659,5700,116194.5619,8021952624,,,,,,,,
,12/01/2025,0.7479093211,2210476,5791,199418.3108,7503333745,,,,,,,,
,12/02/2025,0.8448940289,1677557,5644,137722.5527,8026041280,,,,,,,,
,12/03/2025,0.851361897,1820016,5838,142949.2654,8573084940,,,,,,,,
,12/04/2025,0.8208912119,1610922,5827,133362.6747,8416751470,,,,,,,,
,12/05/2025,0.7785234638,1571058,6039,137495.6565,8118368223,,,,,,,,
,12/06/2025,0.7996577876,1529313,6030,109918.2136,8109159851,,,,,,,,
,12/07/2025,0.7832849474,1262114,5720,114397.8619,8142394577,,,,,,,,
,12/08/2025,0.8351621131,1542128,5765,200671.0617,8332580480,,,,,,,,
,12/09/2025,0.8767727138,1763429,5997,155654.0023,8889176595,,,,,,,,
,12/10/2025,0.8417740603,2245777,5990,174237.5981,8902468738,,,,,,,,
,12/11/2025,0.8208070724,2523045,5980,167584.9607,9746374319,,,,,,,,
,12/12/2025,0.8033383114,2010640,6122,156752.4179,9454789301,,,,,,,,
,12/13/2025,0.8074757619,1538513,6047,132966.689,9569579249,,,,,,,,
,12/14/2025,0.7878226978,1394647,5740,123626.8917,9348242978,,,,,,,,
,12/15/2025,0.7829858501,1972009,5882,175540.6196,9040955539,,,,,,,,
,12/16/2025,0.7807134569,2228941,6025,150195.5841,9076180162,,,,,,,,
,12/17/2025,0.7211521355,1951955,6181,152792.6069,8684324071,,,,,,,,
,12/18/2025,0.6813381069,2148799,6157,136683.6764,8702968391,,,,,,,,
,12/19/2025,0.7493774557,2138662,6291,184640.8865,9202012767,,,,,,,,
,12/20/2025,0.7502406571,1581153,6235,116329.6335,9427607031,,,,,,,,
,12/21/2025,0.7196970405,1550895,5882,130981.1809,9505694574,,,,,,,,
,12/22/2025,0.7209431529,1925813,6095,168133.6298,9531084346,,,,,,,,
,12/23/2025,0.7080437874,2308093,6187,158368.3135,9400056570,,,,,,,,
,12/24/2025,0.7004066781,2141148,6081,152629.6059,9347912077,,,,,,,,
,12/25/2025,0.6637977225,1199006,5092,113041.1306,9216348230,,,,,,,,
,12/26/2025,0.6978095625,1534427,5744,129645.2109,9297671874,,,,,,,,
,12/27/2025,0.7142209056,1709466,5984,136633.1086,9368560337,,,,,,,,
,12/28/2025,0.7092335208,1390479,5878,105967.5308,9366340784,,,,,,,,
,12/29/2025,0.6886836564,1580726,6039,142269.5225,9321757926,,,,,,,,
,12/30/2025,0.7011272756,1689627,6200,162738.241,9464475587,,,,,,,,
,12/31/2025,0.6861913303,1596726,6094,123515.5034,9457567111,,,,,,,,
,01/01/2026,0.737338693,1715031,5551,131918.1128,9564172278,,,,,,,,
,01/02/2026,0.7713675268,1472064,6059,128894.5447,9952504751,,,,,,,,
,01/03/2026,0.7670181527,1162001,5988,110134.6429,9975637077,,,,,,,,
,01/04/2026,0.7732188535,1139981,5861,109081.9246,10019141180,,,,,,,,
,01/05/2026,0.7991926397,1837753,6220,133028.8275,10304796742,,,,,,,,
,01/06/2026,0.8066610389,1600407,6041,129402.6244,10526255057,,,,,,,,
,01/07/2026,0.7569738934,2024956,6279,123997.3405,10197098517,,,,,,,,
,01/08/2026,0.7423982786,1884537,6305,178911.0557,10192587508,,,,,,,,
,01/09/2026,0.7412145859,1642854,6617,128601.5725,10127096536,,,,,,,,
,01/10/2026,0.7325989164,1528181,6601,107632.0682,10160155606,,,,,,,,
,01/11/2026,0.7382157116,1416727,6285,119209.848,10282555961,,,,,,,,
,01/12/2026,0.7221774774,1817628,6497,178554.1437,10186768018,,,,,,,,
,01/13/2026,0.7974875543,2040861,6936,147430.6981,10942298762,,,,,,,,
,01/14/2026,0.779303196,2121850,6798,160812.5792,11057284886,,,,,,,,
,01/15/2026,0.7423329545,1737420,6939,133679.1611,10947478361,,,,,,,,
,01/16/2026,0.7460649279,1777295,7027,144576.1504,10947801842,,,,,,,,
,01/17/2026,0.7414179445,1663366,7221,135832.9422,11004057974,,,,,,,,
,01/18/2026,0.6966906926,1447656,6831,105658.5311,10947338657,,,,,,,,
,01/19/2026,0.6486026801,1746048,6841,142558.289,10615383925,,,,,,,,
,01/20/2026,0.6074806154,1987503,7001,135678.9825,9787603935,,,,,,,,
,01/21/2026,0.6116264071,1964144,7023,278611.4371,9922760351,,,,,,,,
,01/22/2026,0.5968800203,1933711,7107,119851.36,9972272397,,,,,,,,
,01/23/2026,0.6064208838,2145012,7399,143595.3478,9985287930,,,,,,,,
,01/24/2026,0.6059598061,1534565,7424,142075.1353,9978662901,,,,,,,,
,01/25/2026,0.5672602455,1252239,7050,99587.88972,9546045828,,,,,,,,
,01/26/2026,0.6018163128,1841872,7171,142585.1212,9931614231,,,,,,,,
,01/27/2026,0.6346349535,1912036,7356,139744.537,10239805405,,,,,,,,
,01/28/2026,0.6198327753,1896064,7346,112923.6348,10240279236,,,,,,,,
,01/29/2026,0.5684816377,1939258,7311,128975.6042,9595821398,,,,,,,,
,01/30/2026,0.5474589521,2100665,7528,134191.9952,9195584030,,,,,,,,
,01/31/2026,0.4946596476,1571888,7492,111770.3425,8321726273,,,,,,,,
,02/01/2026,0.4852394316,2130024,7429,145234.3341,7706054100,,,,,,,,
,02/02/2026,0.4997469773,1919590,7479,148641.3972,7953141459,,,,,,,,
,02/03/2026,0.4969786539,1876797,7533,127156.429,7541746645,,,,,,,,
,02/04/2026,0.5031866261,1745435,7541,103382.3259,7249949729,,,,,,,,
,02/05/2026,0.4306386377,1826167,7602,124524.551,6125869166,,,,,,,,
,02/06/2026,0.4887108385,1847143,7821,125980.1289,6936729041,,,,,,,,
,02/07/2026,0.4689470393,1857999,7796,112803.5945,6964068200,,,,,,,,
,02/08/2026,0.4581226382,1578322,7541,103160.3697,6919314775,,,,,,,,
,02/09/2026,0.4469152493,1980735,7750,180770.1278,6936721152,,,,,,,,
,02/10/2026,0.4332794239,2501574,8012,160243.0249,6552085290,,,,,,,,
,02/11/2026,0.4416292971,2142902,7946,117040.903,6260427575,,,,,,,,
,02/12/2026,0.4618923514,1881613,8126,116645.9105,6277732285,,,,,,,,
,02/13/2026,0.4737772068,2122129,8434,122066.9882,6603695493,,,,,,,,
,02/14/2026,0.5021953734,1796404,8476,115940.8665,6731405379,,,,,,,,
,02/15/2026,0.4714131425,1620296,7821,96425.58499,6330091529,,,,,,,,
,02/16/2026,0.4815634706,1659050,7664,124556.0282,6448755202,,,,,,,,
,02/17/2026,0.4775999188,1548779,7566,106717.8712,6417958417,,,,,,,,
,02/18/2026,0.4632567256,1556186,7752,99607.06153,6299115335,,,,,,,,
,02/19/2026,0.4581968827,1816168,8004,112845.1567,6285765858,,,,,,,,
,02/20/2026,0.4706266509,2050568,8336,124091.8821,6354951489,,,,,,,,
,02/21/2026,0.4580090926,1698738,8373,104058.5919,6334501577,,,,,,,,
,02/22/2026,0.4444012757,1637399,8046,93841.9801,6266634240,,,,,,,,
,02/23/2026,0.4535333776,2141673,10204,176249.9917,5935907174,,,,,,,,
,02/24/2026,0.4984347531,1858116,8381,105851.1841,5917313715,,,,,,,,
,02/25/2026,0.5157544103,2026030,8450,114513.1299,6555553349,,,,,,,,
,02/26/2026,0.5075889721,1909563,8592,123297.5695,6507533506,,,,,,,,
,02/27/2026,0.4937177258,2669463,8790,148963.8256,6202453356,,,,,,,,
,02/28/2026,0.5088451164,1792798,8930,97837.33557,6309771717,,,,,,,,
,03/01/2026,0.5008624859,2179762,8599,130600.6447,6225440588,,,,,,,,
,03/02/2026,0.4997040057,1979323,8440,127467.9593,6517593776,,,,,,,,
,03/03/2026,0.5169703531,2277289,8553,128536.6848,6371519211,,,,,,,,
,03/04/2026,0.5421672943,1875407,8769,117814.2864,6833536581,,,,,,,,
,03/05/2026,0.5474812575,1722089,8724,114631.1356,6567870172,,,,,,,,
,03/06/2026,0.5317302051,1894594,8979,118574.5552,6241829897,,,,,,,,
,03/07/2026,0.5204492806,1824958,9148,110006.8416,6127639051,,,,,,,,
,03/08/2026,0.5178307076,1576041,8730,96146.72401,6020331799,,,,,,,,
,03/09/2026,0.5555762095,2280734,8917,174511.1455,6184357739,,,,,,,,
,03/10/2026,0.5858300683,2063469,9024,111966.899,6315638549,,,,,,,,
,03/11/2026,0.563228182,2450764,9173,127081.8004,6369273188,,,,,,,,
,03/12/2026,0.5687297468,2347287,9220,102535.7383,6447457119,,,,,,,,
,03/13/2026,0.5524632079,2545548,9565,152638.3782,6501901830,,,,,,,,
,03/14/2026,0.5434226392,1944758,9548,128861.5175,6484535588,,,,,,,,
,03/15/2026,0.5525046046,1563436,9062,103174.5151,6716361719,,,,,,,,
,03/16/2026,0.5864091932,1998420,9219,248445.6049,7243325731,,,,,,,,
,03/17/2026,0.5717714354,2158550,9543,133738.0882,7084211626,,,,,,,,
,03/18/2026,0.5463321965,2457167,9502,136684.2788,6734297540,,,,,,,,
,03/19/2026,0.5350989571,1918464,9433,115920.7086,6603545656,,,,,,,,
,03/20/2026,0.568077039,1921018,9743,107404.3066,6667091323,,,,,,,,
,03/21/2026,0.5875498657,1739600,9718,114944.3388,6404523172,,,,,,,,
,03/22/2026,0.5408306837,1670136,9295,112924.2533,6324588792,,,,,,,,
,03/23/2026,0.5290550537,2247920,9427,197035.6552,6624883774,,,,,,,,
,03/24/2026,0.5333382827,1821336,9583,109164.4767,6594448766,,,,,,,,
,03/25/2026,0.5592583949,2059511,9707,125316.4237,6627117988,,,,,,,,
,03/26/2026,0.5167267409,2067738,9701,111591.2253,6050360361,,,,,,,,
,03/27/2026,0.4636834728,1989412,9906,115795.5968,5845584626,,,,,,,,
,03/28/2026,0.4594539622,1763550,9912,107685.0001,5847170885,,,,,,,,
,03/29/2026,0.4578320882,1719751,9202,106760.7993,5821814243,,,,,,,,
,03/30/2026,0.4608417192,2431376,9473,147979.5299,5958123199,,,,,,,,
,03/31/2026,0.4767303813,2106363,9559,116678.9905,6176967791,,,,,,,,
,04/01/2026,0.4651113328,2868799,10141,161130.9136,6274279956,,,,,,,,
,04/02/2026,0.4406892866,2474538,9998,141131.7814,5803771675,,,,,,,,
,04/03/2026,0.4404062453,2057156,9605,120858.9454,5806515208,,,,,,,,
,04/04/2026,0.4397742871,1653337,9708,112467.7089,5811388027,,,,,,,,
,04/05/2026,0.4509682521,1332087,8957,97198.23719,5928671790,,,,,,,,
,04/06/2026,0.4421069776,2051153,9533,143891.2448,5925981635,,,,,,,,
,04/07/2026,0.4647751634,2120471,9573,132195.2217,6307361420,,,,,,,,
,04/08/2026,0.4386495149,1137602,4277,84669.11814,6157820241,,,,,,,,
,04/09/2026,0.4434798807,2789261,10936,165510.9933,6146401697,,,,,,,,
,04/10/2026,0.4402191178,2488415,11382,146862.735,6277054711,,,,,,,,
,04/11/2026,0.4428890409,1858133,10140,116249.2704,6388924275,,,,,,,,
,04/12/2026,0.4104631056,1502116,9331,98122.43891,6120299797,,,,,,,,
,04/13/2026,0.4342204405,2094908,9723,148551.1856,6613030881,,,,,,,,
,04/14/2026,0.4241045111,2248730,9927,130030.0216,6447467164,,,,,,,,
,04/15/2026,0.4529671315,2409354,9978,133393.6823,6542909776,,,,,,,,
,04/16/2026,0.4807881692,2168489,10007,171967.1665,6511786663,,,,,,,,
,04/17/2026,0.5144244751,2342920,10348,142045.4656,6712810187,,,,,,,,
,04/18/2026,0.476465666,2090132,10485,136413.7264,6519007938,,,,,,,,
,04/19/2026,0.4522676529,1560033,9710,109632.8327,6259494892,,,,,,,,
,04/20/2026,0.4573260936,2373249,10045,174010.5416,6354499543,,,,,,,,
,04/21/2026,0.4643041322,3038358,10122,165876.8495,6373683228,,,,,,,,
,04/22/2026,0.4565781392,2222893,10154,136960.9568,6502133102,,,,,,,,
,04/23/2026,0.4557702364,2301591,10328,143442.3372,6319250118,,,,,,,,
,04/24/2026,0.4477475392,2535034,10582,143433.8957,6277923351,,,,,,,,
,04/25/2026,0.4392558572,2179824,10436,127824.3658,6064796045,,,,,,,,
,04/26/2026,0.4469630528,1799136,9986,125560.0994,6190163357,,,,,,,,
,04/27/2026,0.4333447466,2293904,10240,190951.9796,5982224302,,,,,,,,
,04/28/2026,0.4267006722,2437704,10239,133793.1652,5952068108,,,,,,,,
,04/29/2026,0.4127458314,2424958,10276,137512.8949,5826858646,,,,,,,,
,04/30/2026,0.409865173,2820570,10717,192099.6506,5757037023,,,,,,,,
,05/01/2026,0.4097569074,2898933,10913,168043.472,5816535911,,,,,,,,
,05/02/2026,0.4185262867,2499527,11120,143025.7422,5869438736,,,,,,,,
,05/03/2026,0.4134537873,1980948,10200,125793.3284,5890536583,,,,,,,,
,05/04/2026,0.4220582272,2914168,10639,155149.422,5946218436,,,,,,,,
,05/05/2026,0.4264377593,2851398,10679,171231.3197,5980920873,,,,,,,,
,05/06/2026,0.4376850254,2623534,10923,156816.4901,5954092949,,,,,,,,
,05/07/2026,0.4266266955,2691569,10763,239995.0822,5655263222,,,,,,,,
,05/08/2026,0.4502967384,2743999,11200,211703.0493,5532027258,,,,,,,,
,05/09/2026,0.4463512594,2296178,11251,136768.9115,5468435739,,,,,,,,
,05/10/2026,0.4647953623,1960768,10504,159802.298,5328213066,,,,,,,,
,05/11/2026,0.454229,,,,,,,,,,,,