HYPE,,,,,,
,DATE,PRICE,PERP_VOLUME,PERP_DAU,REVENUE,CHAIN_TVL
,12/01/2024,9.459223087,2230952306,28700,5885805.826,158295217
,12/02/2024,8.430204803,5333125846,26650,2916.652336,158514283
,12/03/2024,11.16858001,4881981852,24505,6676966.422,164132183
,12/04/2024,10.92739691,6225918533,25763,838176.1096,168195793
,12/05/2024,12.59259619,9789562814,26103,4041.296398,180650762
,12/06/2024,13.82476409,7811474444,23197,5789566.09,188388254
,12/07/2024,14.14829514,2862437941,21447,2255.225447,192953481
,12/08/2024,14.18863897,3252798818,20210,1897.834687,207653742
,12/09/2024,13.3908107,5306358928,28907,3025043.335,210547130
,12/10/2024,13.87851053,10009953604,23247,2527.210408,218604558
,12/11/2024,16.16029149,3979399217,21452,2003.997951,264023881
,12/12/2024,18.32086198,4839045906,26272,1932.707272,263823557
,12/13/2024,19.44535538,4253319332,25945,170102.0688,278383390
,12/14/2024,24.27895087,3170522126,34017,2387243.466,288584680
,12/15/2024,24.06784264,3786628960,35488,2857.882031,307549409
,12/16/2024,27.45129732,6267294831,42037,2419.59353,321653347
,12/17/2024,25.590527,5593864858,43877,715688.3024,327256527
,12/18/2024,23.16682506,8540539047,41272,3209141.382,356052826
,12/19/2024,25.04154116,11512982468,39003,2815116.775,354822945
,12/20/2024,29.96048544,9878521128,39070,4217654.741,392807285
,12/21/2024,32.40674492,5203028241,33511,2087765.695,420018967
,12/22/2024,28.2187939,4686731739,31285,1305333.244,440993835
,12/23/2024,28.3123522,6168463518,33122,1574003.664,460122085
,12/24/2024,29.82392549,4401565226,25718,1492646.263,428177641
,12/25/2024,26.78831475,3090026723,21459,1151233.963,406468758
,12/26/2024,26.86764093,3897465237,26648,774432.236,400802270
,12/27/2024,27.08601048,3889473140,21644,1231017.486,391800341
,12/28/2024,29.15234665,2077191369,20394,1362365.205,390287252
,12/29/2024,27.60284481,1965931600,22939,937961.178,402540281
,12/30/2024,26.91961678,4697171102,28299,862900.5068,398218490
,12/31/2024,24.12474358,3450514501,28410,1076320.909,398649759
,01/01/2025,26.19421385,2157256821,22549,1277999.921,402389181
,01/02/2025,23.1467331,3645816158,28880,862674.4693,405745736
,01/03/2025,24.35570739,3573160265,29784,1358298.06,392519879
,01/04/2025,24.86371329,2506267609,25371,853596.0293,377940093
,01/05/2025,24.38226895,2149149004,22701,1038167.465,359930028
,01/06/2025,25.35137993,4404918707,25678,1110517.078,352621512
,01/07/2025,23.69707632,7004545543,28815,1390592.541,339369901
,01/08/2025,22.65186078,6019784661,32854,1915811.818,338680223
,01/09/2025,20.32366714,7123327272,28057,1640571.917,341774240
,01/10/2025,20.86081863,5110006116,21698,1755191.107,337316902
,01/11/2025,20.85096748,1975220115,15856,1343280.465,332055924
,01/12/2025,21.16384214,1868823317,15617,374819.9118,331091636
,01/13/2025,21.66663189,7614889369,28047,940063.4525,328929361
,01/14/2025,23.00074997,4164534607,22052,2332715.844,324799760
,01/15/2025,24.24830092,5315407559,25380,1333556.62,309451493
,01/16/2025,23.57183674,5713611238,23108,1630707.61,309416197
,01/17/2025,23.12883817,5461277245,25186,1516992.455,303581243
,01/18/2025,21.70057623,9678960131,34945,1927209.031,284944552
,01/19/2025,20.30924881,17750219551,37739,2912682.422,275171288
,01/20/2025,20.45226408,16339004972,32823,4676026.98,267970629
,01/21/2025,23.08817338,8341944948,28725,3075095.421,285373767
,01/22/2025,24.32216601,5281551147,28049,1731439.545,296386469
,01/23/2025,22.16200347,11321580799,28882,1376306.839,319825277
,01/24/2025,22.80753421,5784731823,25292,2647032.214,339285980
,01/25/2025,23.23634277,3516728434,22894,1377301.13,347043836
,01/26/2025,22.14863273,3597386926,21881,659767.4755,353548404
,01/27/2025,23.15569426,10972896196,30912,1767889.989,363419275
,01/28/2025,22.0717176,6689142366,26678,2176619.587,370112165
,01/29/2025,23.74410626,7487288900,21993,1565872.739,389801042
,01/30/2025,27.68872826,5319626693,28200,2401629.673,388845888
,01/31/2025,26.9077272,7089116485,26522,1054135.743,401610836
,02/01/2025,23.65299411,5335486354,29011,1615452.758,405242826
,02/02/2025,22.16920512,9044821762,33710,1453860.023,413424400
,02/03/2025,25.12064645,18072547243,36533,4283907.801,414872954
,02/04/2025,25.16884991,10231406269,24846,2696473.381,419768804
,02/05/2025,24.67081851,5694608353,21260,1966002.661,500267552
,02/06/2025,23.81687953,5904659693,25109,1186022.243,500281457
,02/07/2025,22.8108183,6189394340,25100,1375943.401,651848104
,02/08/2025,23.51742828,3006719555,20656,1327120.217,665753578
,02/09/2025,23.02262303,3754601894,19519,703487.9842,685878693
,02/10/2025,23.32035081,5178632076,18748,1286476.206,690213029
,02/11/2025,23.52689838,6593863801,22328,1031524.691,668465996
,02/12/2025,25.79559265,7575580362,23371,1651236.656,657837510
,02/13/2025,26.19381275,5121162004,22437,1598946.663,649761977
,02/14/2025,26.22369411,5071294402,27809,1228298.689,653041790
,02/15/2025,25.62536465,2569566269,21006,1290501.317,664091532
,02/16/2025,26.79398769,2576463337,16180,599570.4735,675748853
,02/17/2025,25.37609058,5049366135,21312,785204.0779,679034146
,02/18/2025,23.85645509,6787245917,29035,1350302.733,677394214
,02/19/2025,24.05785417,3901859792,21648,1344091.787,657449145
,02/20/2025,24.45202107,5037378690,23197,1042720.527,659700687
,02/21/2025,24.93095389,10385529196,26358,1347046.313,649389823
,02/22/2025,24.85635914,3022212826,18217,2185704.94,649166082
,02/23/2025,23.20875214,3357930481,18386,712702.6553,652583684
,02/24/2025,19.99903494,9442757920,32740,992320.6509,625182795
,02/25/2025,20.3279823,13212926717,34564,801251.6804,595990925
,02/26/2025,19.51149315,9361694438,24659,4028102.69,618020161
,02/27/2025,20.87156176,6796939577,23498,2478594.132,630320111
,02/28/2025,20.08606446,11157922814,26509,2204862.707,639205689
,03/01/2025,19.58051086,4300489529,17505,1804541.955,654084093
,03/02/2025,20.46813871,11125716141,25242,871361.3287,652756475
,03/03/2025,17.817472,11687296553,26660,2793846.136,638281793
,03/04/2025,17.29599153,10923024315,29381,2730394.484,640007402
,03/05/2025,17.20611828,6393102156,19599,2034407.378,629547493
,03/06/2025,15.37829397,6898925842,21518,1272962.117,631745968
,03/07/2025,15.05579246,10328312164,21726,1916521.822,632682900
,03/08/2025,15.11043207,2704382865,14719,1546171.7,639730658
,03/09/2025,14.41938228,5412422028,20996,462192.2479,636008601
,03/10/2025,13.61710029,9662861733,25371,1319004.526,620780075
,03/11/2025,13.7429681,8230997839,22076,2351555.754,589988765
,03/12/2025,13.26425508,7385946221,20551,1368208.187,453817488
,03/13/2025,12.34533444,4794383453,18657,1376789.881,445907330
,03/14/2025,13.74981264,4206697092,18225,1277829.008,426275498
,03/15/2025,14.34539983,2136911544,13589,957775.0008,435327350
,03/16/2025,12.99527291,3662298185,15663,431750.4615,436019106
,03/17/2025,13.25374719,3724551759,15593,885870.5368,412450716
,03/18/2025,14.21826046,4923537607,15954,1119422.4,407372541
,03/19/2025,15.58697378,5936470677,19497,1009708.208,386135716
,03/20/2025,14.19887123,4798349102,16987,1325207.858,385422763
,03/21/2025,15.81547314,3535282610,15395,1117593.5,389515120
,03/22/2025,15.56412916,2045427808,13120,827821.2547,404200544
,03/23/2025,16.29429047,2462791311,13629,464383.1847,402560277
,03/24/2025,16.63171632,5105825629,20219,822777.779,411088320
,03/25/2025,16.04909752,3932030196,17160,1021681.599,417226721
,03/26/2025,14.11330059,4546459286,23076,814408.6422,311060839
,03/27/2025,14.71357597,2968017791,15972,1138201.005,294536919
,03/28/2025,13.37319431,4696027445,18438,839757.2216,294609404
,03/29/2025,12.80572993,3300437270,18217,901673.0779,282363426
,03/30/2025,12.44565425,2774062348,12791,691003.6103,286715287
,03/31/2025,12.9739766,5786815785,15874,883196.3266,287745652
,04/01/2025,13.32379333,5024540121,15764,1136196.916,303844519
,04/02/2025,11.83182928,8109376460,19359,992831.4974,310092136
,04/03/2025,11.71657116,5930229216,18688,1727510.918,291763827
,04/04/2025,11.92185519,7751080975,16188,1322960.855,296435735
,04/05/2025,12.03632869,2430774317,11543,1845265.501,299671977
,04/06/2025,10.26667317,7538397801,21136,436264.7963,296937288
,04/07/2025,11.4902221,13309974119,23920,2945557.234,269261791
,04/08/2025,11.20246562,7663480473,17867,2350067.863,283885961
,04/09/2025,13.58067362,12444620474,22154,2407064.003,285748010
,04/10/2025,14.34190499,7229336568,18169,2583745.579,308009106
,04/11/2025,15.72599693,5544362887,18282,1719517.069,333207301
,04/12/2025,16.33503249,4949382644,17213,1339884.224,350101668
,04/13/2025,15.36270787,6199138476,17075,1071704.015,348304532
,04/14/2025,15.75965028,6189611974,16425,1462905.127,342614767
,04/15/2025,15.10916,5704397497,16979,1266999.432,346395325
,04/16/2025,15.77436982,6826966425,17444,1290660.025,347037796
,04/17/2025,17.11395929,4931816796,15767,1513361.857,364710982
,04/18/2025,17.05585079,2170024476,13549,891473.4168,384984437
,04/19/2025,18.01760012,2477853940,14633,571648.9257,395839342
,04/20/2025,17.50133761,2831191372,13829,499287.6432,395180047
,04/21/2025,18.13819355,6514487939,18165,953228.9216,397476968
,04/22/2025,19.14763801,9749391464,22109,1469538.212,402666587
,04/23/2025,18.39838088,8586739193,22106,2231917.154,410091644
,04/24/2025,18.73693077,5758061905,18764,1808841.481,409857804
,04/25/2025,18.39862523,7060976069,19246,1288964.796,415121546
,04/26/2025,17.97013205,3839502368,15529,1446332.661,428318075
,04/27/2025,17.46934632,3382764138,14862,810346.3321,417784828
,04/28/2025,18.31700482,6671543332,18503,834009.2182,414930965
,04/29/2025,18.52358473,4981695002,17157,1338293.362,426848021
,04/30/2025,19.97358851,5886017379,18695,1209541.811,437126681
,05/01/2025,19.93819651,5844761149,20735,1365934.299,457832140
,05/02/2025,20.76548797,4184147209,18356,1547851.843,472158889
,05/03/2025,21.05327763,2551647646,16474,866742.8834,495070436
,05/04/2025,19.82126256,3530006399,17403,536803.4873,509679444
,05/05/2025,20.29120663,4567961393,18013,1002797.046,498383838
,05/06/2025,20.99399117,4993697118,19939,1182861.48,509948081
,05/07/2025,21.04119635,5302496592,20275,1654933.188,519571706
,05/08/2025,23.23208312,10744450406,27115,2199774.931,524217374
,05/09/2025,24.73221806,9205104230,26589,3717185.265,562626418
,05/10/2025,26.09499829,5771644876,22743,2063948.439,603342125
,05/11/2025,24.87302527,6586463068,22858,2144883.105,640344597
,05/12/2025,24.90355135,11465187016,26273,2043032.115,657571803
,05/13/2025,25.85995604,8383620364,23971,3000804.851,665861262
,05/14/2025,25.17600233,7000956821,21865,2422810.317,702735133
,05/15/2025,26.08994834,7691386936,23150,1894748.55,715936244
,05/16/2025,26.85787149,6286215711,21735,2281752.929,736557598
,05/17/2025,25.84904489,4365168411,19600,1810464.007,766394465
,05/18/2025,26.93285934,7314944827,21672,932512.0128,764859342
,05/19/2025,26.56669273,9535736909,22623,3106523.23,797273148
,05/20/2025,26.49650725,11112341699,21454,2393499.584,800881255
,05/21/2025,28.17004433,17607432134,26453,3311755.341,817231293
,05/22/2025,33.24608823,11653389152,33744,6134159.098,851079099
,05/23/2025,32.71763635,13132043867,36420,2817107.891,903427974
,05/24/2025,35.15220496,7439669341,24224,3514407.628,902645777
,05/25/2025,38.80603103,13552013254,28880,2329949.017,929756693
,05/26/2025,37.23693101,7004432598,29172,2373031.927,1030563347
,05/27/2025,36.01496759,11166941780,30388,2446328.46,1006739691
,05/28/2025,34.28575199,9155996976,30600,2454862.603,1026842554
,05/29/2025,31.66585443,10870447997,30310,2595125.695,1012889622
,05/30/2025,32.45768897,10860257210,32015,3364814.303,981460232
,05/31/2025,32.87551281,4405184327,24418,2600572.699,1003995993
,06/01/2025,34.15379702,3707108017,21336,897031.9715,1015689630
,06/02/2025,36.47954517,6308500685,25607,1251363.808,1050880684
,06/03/2025,36.21447914,7302003471,29863,2144378.321,1105724991
,06/04/2025,35.7056169,5791149437,27808,2063708.638,1116779771
,06/05/2025,34.07247568,10457073252,33906,1550534.24,1112000783
,06/06/2025,33.27671737,6132443492,26899,3127770.55,1106371731
,06/07/2025,34.94870486,3039061894,21126,1595214.925,1098241407
,06/08/2025,35.13918095,3123162506,20987,801803.0348,1121232190
,06/09/2025,38.68610166,7961973432,30204,1101331.939,1119287855
,06/10/2025,42.14380275,8878311889,36092,3103111.027,1164702495
,06/11/2025,41.82013854,8880192775,35088,2655874.665,1207363099
,06/12/2025,41.0383432,9887542927,33730,2756013.692,1196956037
,06/13/2025,42.43492298,13253385508,37316,4563962.183,1180778239
,06/14/2025,40.16929485,4489169623,23865,2169002.689,1215879266
,06/15/2025,41.21522504,4139564061,21101,1188221.321,1185541181
,06/16/2025,42.45264561,9930275232,32694,1360148.809,1210142870
,06/17/2025,40.16752722,11323655479,33658,3431824.738,1213967789
,06/18/2025,39.2558684,8001551533,28487,2688082.554,1241383295
,06/19/2025,36.93935898,5308907281,26289,2080032.588,1232210955
,06/20/2025,33.36532827,8968251527,32996,1564473.915,1193831134
,06/21/2025,33.42847443,5847141446,31168,2100281.207,1132064091
,06/22/2025,35.67551763,12752495634,33311,2423968.397,1142606289
,06/23/2025,38.36610056,13856121416,32539,3623868.465,1188061938
,06/24/2025,37.37583913,7571758636,27082,4383082.11,1236680252
,06/25/2025,36.92199805,7108274329,26866,1820051.463,1225017504
,06/26/2025,35.78125502,6055441760,26100,1915091.452,1210316578
,06/27/2025,36.50341735,5470639961,22875,1822854.841,1192448795
,06/28/2025,37.68025171,2025197968,19512,1230467.374,1211010199
,06/29/2025,39.75680049,3695761350,23659,566255.9477,1238295933
,06/30/2025,39.52897713,6118926587,27925,1558979.096,1260425967
,07/01/2025,36.88097944,6137915467,28782,1499559.127,1249638834
,07/02/2025,40.01380699,8719518106,30314,1915992.916,1227976771
,07/03/2025,40.19270104,6255162517,28819,2493402.32,1284603454
,07/04/2025,39.13121409,5864926747,28396,1772238.27,1291295654
,07/05/2025,39.10752806,2452155929,19424,1602692.067,1273718373
,07/06/2025,39.78011374,4294167143,22640,663343.454,1281540104
,07/07/2025,38.5761673,5322478316,25947,1402358.06,1294578138
,07/08/2025,38.85703716,5326474024,26431,1559230.69,1276290477
,07/09/2025,40.87320354,8685498922,31963,1670236.78,1249762130
,07/10/2025,43.72773891,11039354787,41646,3047565.339,1292542589
,07/11/2025,46.18462546,12434526533,43275,3729240.255,1306261643
,07/12/2025,47.139259,5482317827,40540,3553528.204,1329859408
,07/13/2025,48.55439589,6415991335,39156,2036000.289,1339174709
,07/14/2025,47.40693142,13350613799,50719,3134297.45,1341168753
,07/15/2025,48.00325929,17479007134,48399,4044228.161,1327616757
,07/16/2025,47.10029117,14856060729,47714,4287996.554,1373716555
,07/17/2025,45.97444371,16742433085,50227,4481798.514,1374702683
,07/18/2025,44.39139741,17838872593,52057,5271197.885,1365311796
,07/19/2025,44.35536951,5943865355,36138,3609157.81,1362624929
,07/20/2025,46.03201894,11231348165,41876,1658605.515,1399215751
,07/21/2025,44.22658964,15226921704,47040,3446394.751,1430668863
,07/22/2025,46.08565291,17575011604,48815,4839230.658,1455148119
,07/23/2025,43.71891583,13898504459,50827,3772707.11,1516727855
,07/24/2025,42.1434656,13218926036,45933,4816784.921,1485814977
,07/25/2025,44.14761961,15952987085,44792,4445125.322,1484913298
,07/26/2025,43.4417193,5702442370,35126,2735163.149,1536374447
,07/27/2025,43.66027884,7421244498,36315,1392627.753,1535852338
,07/28/2025,43.61114311,12416500485,44786,2548171.966,1532496831
,07/29/2025,43.40651188,11453629701,42479,3102254.481,1567637279
,07/30/2025,42.21655794,10150279932,43017,3001620.426,1577286928
,07/31/2025,40.90242179,11386619136,42058,2713524.56,1576604618
,08/01/2025,37.48571494,18323947838,50704,3693244.786,1560682695
,08/02/2025,37.00481614,8060383778,38286,3626305.906,1549886793
,08/03/2025,38.21985162,5617128904,32107,2215940.473,1580651814
,08/04/2025,38.7624914,8791034739,37110,1556631.281,1661898309
,08/05/2025,38.47755147,9318278844,37302,2671810.765,1659611906
,08/06/2025,38.06903466,7485124144,32237,2467336.33,1686582190
,08/07/2025,40.90232344,9965047956,38936,1968864.062,1721198211
,08/08/2025,41.00741169,10819763509,39260,3549663.725,1791122466
,08/09/2025,43.77168842,9614466261,41533,4836743.314,1900468945
,08/10/2025,45.2257022,9371470799,38133,3014143.765,1972710934
,08/11/2025,43.2478141,15791563375,46925,4394632.875,1968523223
,08/12/2025,44.8902712,15425892226,46040,4560146.259,1964044051
,08/13/2025,47.72937278,19115163715,48616,5266696.464,2063991974
,08/14/2025,45.66121268,25503301561,52934,7601425.187,2126498159
,08/15/2025,47.57644745,12783910487,43880,3842604.868,2160706258
,08/16/2025,46.38516651,4750014270,29573,1364691.501,2195916601
,08/17/2025,46.26201377,5962139987,33061,362495.6196,2241185069
,08/18/2025,43.16233006,14386312811,45242,1372747.23,2216546351
,08/19/2025,41.11314573,15643562341,45627,3877530.163,2161278962
,08/20/2025,42.91739796,14478257150,39209,4181854.441,2194965779
,08/21/2025,40.50516035,11359638407,38329,3759926.192,2250823297
,08/22/2025,45.32869312,20053353463,50807,4452189.904,2341277804
,08/23/2025,44.79389226,8057929154,40215,5174512.478,2495320325
,08/24/2025,45.91000542,16097629639,44343,2558725.553,2517298843
,08/25/2025,43.21047833,19614616969,51235,5268748.165,2501427375
,08/26/2025,48.55351035,15443752542,47992,6107666.835,2617642014
,08/27/2025,46.96402597,13064803860,47494,5755290.291,2735375796
,08/28/2025,45.62424678,10326429733,42905,4730784.388,2715452879
,08/29/2025,44.41395287,16725253271,48061,1423316.469,2649167586
,08/30/2025,44.01317614,6800306935,32450,4421915.156,2630906497
,08/31/2025,44.30452855,5772583130,32271,1796725.608,2659872018
,09/01/2025,43.03096006,11580460211,46573,1898904.532,2639948666
,09/02/2025,44.76509711,11441607650,40467,3071353.51,2672423975
,09/03/2025,45.8492297,8208098831,38206,3166114.21,2737995454
,09/04/2025,45.39956124,9349348848,39694,2267529.491,2743280232
,09/05/2025,47.14059432,13286423570,39366,2661544.8,2793535296
,09/06/2025,46.12057833,3331984082,31083,3314909.264,2808483759
,09/07/2025,47.17276567,3847204304,30287,952947.3744,2815376249
,09/08/2025,50.78502443,9250573031,45615,1323267.347,2923396773
,09/09/2025,53.21549903,10018798035,49239,2892544.554,3040637703
,09/10/2025,55.40274166,10559506161,49185,2985640.466,3186186070
,09/11/2025,56.99312031,10433984252,48164,3369542.914,3302611811
,09/12/2025,55.21023217,11245659310,51149,3469045.854,3292797905
,09/13/2025,54.53267209,7138597458,45808,3178598.629,3250502599
,09/14/2025,53.67414377,7350133199,47249,2230439.426,3203683162
,09/15/2025,53.98824258,10563054707,52040,2501498.587,3154669386
,09/16/2025,54.44349797,8684325426,44797,3285998.64,3215346510
,09/17/2025,57.68072331,12239858762,49547,2721816.792,3302934016
,09/18/2025,58.52948475,9619236619,52871,3676672.205,3368928850
,09/19/2025,56.10392923,9083794890,51954,3076375.984,3298682816
,09/20/2025,54.11257057,4226360602,44975,2541395.459,3223255443
,09/21/2025,50.89114904,5319433697,48126,1313543.489,3117010361
,09/22/2025,47.28579073,16338365439,68751,2208940.042,2932961760
,09/23/2025,44.74224635,9712299164,51256,4089705.75,2835197819
,09/24/2025,45.49873081,9362033948,49444,2847050.096,2833008749
,09/25/2025,40.21880654,17331738043,64613,2619731.875,2593180481
,09/26/2025,44.83842859,9113738950,50773,5308168.909,2656528256
,09/27/2025,45.67233551,4187537459,39206,3115571.692,2772164108
,09/28/2025,47.16392254,5711548803,40758,1530857.778,2839168886
,09/29/2025,46.23176031,7936390187,48285,1867842.152,2855374260
,09/30/2025,45.24365992,8492273398,48692,2509979,2838009012
,10/01/2025,47.1110176,9839035267,49701,2630196.039,2863787226
,10/02/2025,50.55567278,10646501531,52553,3390131.194,3044157466
,10/03/2025,49.44593792,10407235001,49092,3047536.971,3061864797
,10/04/2025,49.16048454,4765983816,40640,3103618.473,3085393604
,10/05/2025,48.16161601,9546356668,45741,1418030.266,3063554822
,10/06/2025,47.46710012,10616579278,49158,2850602.524,3016676022
,10/07/2025,45.19387884,14666158578,55381,2906459.538,2988199235
,10/08/2025,46.38378902,8888115168,48603,4271379.912,2960615587
,10/09/2025,44.08363468,12256392323,55285,2757077.459,2898103929
,10/10/2025,38.31908901,28320660524,98960,3337322.508,2648796736
,10/11/2025,36.95747932,9342064417,58129,19271825.9,2456515920
,10/12/2025,39.77455955,11820919495,50930,2812541.403,2576496871
,10/13/2025,42.37579754,9605686516,51774,3657233.405,2761872069
,10/14/2025,39.53018012,16144024872,53942,2752789.969,2750937179
,10/15/2025,37.38487475,10745146066,44901,4084810.387,2645537610
,10/16/2025,36.62068893,11462043413,49667,3357572.073,2588847142
,10/17/2025,35.38336354,11952314888,54337,2487030.606,2530061832
,10/18/2025,36.80518901,3471650754,33731,3509598.953,2573116642
,10/19/2025,37.40957478,5263549441,37022,1076478.593,2609190860
,10/20/2025,37.98647391,8374989189,43025,1743778.193,2678895840
,10/21/2025,35.40987454,14663198150,47277,2104118.39,2605668800
,10/22/2025,36.28777208,11762895469,46129,4085650.014,2575725686
,10/23/2025,40.15772007,8807644288,44615,3357054.022,2723003161
,10/24/2025,39.32978178,6803603827,42430,2786661.345,2764661466
,10/25/2025,44.25760686,3255971548,35415,1998538.622,2911199432
,10/26/2025,47.49945109,5805914007,46676,1256032.708,3087145151
,10/27/2025,46.53865991,7506719082,49995,2707365.724,3086779855
,10/28/2025,47.85008747,9788683890,50642,1819778.338,3129541610
,10/29/2025,47.93520764,11001779151,50585,2761984.124,3130134444
,10/30/2025,45.47303603,12244089936,59591,3039012.11,3040544309
,10/31/2025,43.64890044,7201808969,45168,3328387.858,2954329637
,11/01/2025,43.2506997,2966418875,33650,2032760.269,2935727897
,11/02/2025,42.44030265,4120724735,39264,894693.2826,2923957302
,11/03/2025,39.95677451,12369168256,59491,1465906.63,2794401651
,11/04/2025,39.19805056,18729779223,66070,3280226.285,2669470730
,11/05/2025,41.37713194,9059390716,51730,5944147.568,2704418478
,11/06/2025,38.60292577,10020849848,44128,2412180.612,2651251045
,11/07/2025,42.33705453,10940803596,48254,3077609.693,2716620391
,11/08/2025,40.16820256,5597433706,38232,3209718.628,2738977951
,11/09/2025,41.7033562,6124669462,38487,1585625.956,2741803264
,11/10/2025,41.62851095,8803078031,44681,2005370.767,2742129494
,11/11/2025,38.69040061,9372549612,45680,2289469.512,2628402550
,11/12/2025,38.22962434,7862037376,44858,2441519.264,2310117458
,11/13/2025,38.78265224,13164815077,50620,2136190.894,2035874276
,11/14/2025,37.47777699,13607703063,53901,3803211.129,1924530558
,11/15/2025,38.65592928,4625932870,34522,3752440.265,1910289944
,11/16/2025,38.64832751,7042510870,41310,1423463.506,1889303825
,11/17/2025,38.86273401,9797047729,46523,2116685.209,1851822066
,11/18/2025,38.73379112,9831833791,47490,2892707.945,1788036536
,11/19/2025,38.60283322,9748207658,47685,2731341.56,1769272352
,11/20/2025,37.6365145,10901311810,50048,2795761.407,1738958278
,11/21/2025,33.85806922,15840430129,61890,3035425.236,1639048594
,11/22/2025,29.97964286,4613557806,39116,4024188.736,1548907985
,11/23/2025,31.76132658,6275255438,38492,1376166.992,1544018590
,11/24/2025,34.03504266,9841689881,47159,2123281.161,1633546714
,11/25/2025,33.64429056,8052338377,43848,2625993.344,1702037260
,11/26/2025,36.11520835,7222513117,42944,2243203.11,1731262211
,11/27/2025,34.75356782,4728311650,48886,2165019.799,1738153079
,11/28/2025,34.87944701,5509360382,46466,1325897.077,1735953324
,11/29/2025,34.38620111,2889058374,32709,1493428.445,1721404263
,11/30/2025,32.01152154,2732948470,33664,731989.0156,1656583806
,12/01/2025,31.10917329,10400557165,54034,1335697.788,1599599676
,12/02/2025,33.88631774,7864486185,47243,2688367.771,1612739131
,12/03/2025,34.66649524,7159171018,43550,2354743.996,1691449377
,12/04/2025,33.57878916,6308918911,38603,2009108.727,1686146730
,12/05/2025,31.01430748,7393905220,39746,1531125.47,1613377308
,12/06/2025,30.89606256,2404729876,27849,1963995.353,1568615251
,12/07/2025,29.40706944,6155449323,37288,663523.9352,1541239432
,12/08/2025,29.4556783,6335181213,35646,1715550.874,1531864954
,12/09/2025,27.95724084,8704932258,43492,1743886.947,1491197725
,12/10/2025,28.97739685,8360971251,37861,2539666.97,1494889628
,12/11/2025,29.12094183,8187292302,40621,2367160.585,1514558274
,12/12/2025,28.69241171,6378059490,37759,2131997.143,1499230325
,12/13/2025,29.59379266,1494056544,28018,1649636.539,1514512634
,12/14/2025,28.9533685,3308622745,33357,479942.2709,1520276584
,12/15/2025,27.54997673,7819073032,42781,967918.7972,1486993212
,12/16/2025,26.75799443,5531859717,36242,2040209.053,1432167835
,12/17/2025,24.46697146,8140864125,43237,1420248.095,1373565472
,12/18/2025,22.54412899,8634894732,46150,1931879.369,1338287950
,12/19/2025,24.87539876,7329141833,39852,2587969.649,1341777649
,12/20/2025,23.90100463,1659941081,25275,1940247.729,1341033196
,12/21/2025,24.65624513,2469586289,25282,494474.4329,1340782389
,12/22/2025,24.89798635,6262628763,35073,921133.752,1348311651
,12/23/2025,23.9320236,5400830333,34076,1526143.22,1319125877
,12/24/2025,25.18071565,3542809583,28523,1432725.115,1316329247
,12/25/2025,24.33922566,2512752283,25302,920957.1973,1328932419
,12/26/2025,25.7368246,4933088673,29427,702408.3241,1344014284
,12/27/2025,25.97670201,1412983395,26054,1280543.611,1350696270
,12/28/2025,25.38197145,1938008700,26408,439308.024,1365219589
,12/29/2025,25.70379009,6968609620,35659,619714.8593,1363526089
,12/30/2025,25.94530197,4082413793,34333,1844170.932,1362171273
,12/31/2025,25.44065499,3340022111,30900,1087857.975,1351471299
,01/01/2026,24.17184026,2276825821,27389,830629.5424,1306604629
,01/02/2026,24.54236254,7072698289,37495,808522.2283,1287953729
,01/03/2026,25.35485405,3312833692,32068,1962058.831,1311531060
,01/04/2026,26.77055133,3597691571,33867,1210327.557,1338150914
,01/05/2026,26.58866707,7575962223,42988,1037168.596,1335597589
,01/06/2026,28.23208692,8248904551,44287,2206404.099,1344110127
,01/07/2026,26.90300938,6420272953,42256,2934414.301,1342101166
,01/08/2026,25.6668139,7557203923,41103,1204794.312,1270886352
,01/09/2026,25.08717458,7241605517,36825,2034813.364,1249293190
,01/10/2026,24.03366242,1512485507,30587,1689205.921,1207012771
,01/11/2026,24.35091567,3079751492,26880,431223.0471,1206854237
,01/12/2026,23.74319204,7144654874,38511,919791.1442,1194733200
,01/13/2026,25.53190797,9036812999,42235,2333917.417,1198058922
,01/14/2026,25.91535373,8941586296,43297,2093813.503,1244769449
,01/15/2026,24.68164441,7291963052,41151,2224399.212,1229261322
,01/16/2026,24.98800007,4221241240,35682,1801949.84,1167466547
,01/17/2026,25.413905,1805441961,26541,1117237.404,1181576983
,01/18/2026,24.62621669,2896585435,32787,509588.7328,1177984848
,01/19/2026,23.71159479,6422724874,43571,1383072.107,1147874085
,01/20/2026,20.91678485,9162299641,49034,985178.5661,1087909219
,01/21/2026,21.46965551,10000396668,42900,2517123.701,1052867238
,01/22/2026,21.38337748,6156460362,35649,2378820.342,1057818658
,01/23/2026,22.54408472,7034636054,35188,1507187.231,1063331983
,01/24/2026,23.21278483,1530773571,26726,1696669.839,1098654773
,01/25/2026,22.14576131,5950430079,40535,403711.8601,1087777264
,01/26/2026,24.88037679,7284056610,39312,1847081.917,1118328763
,01/27/2026,30.70688961,6983326779,43237,1925077.48,1239152283
,01/28/2026,34.06282433,9459176528,45156,2444443.378,1347486669
,01/29/2026,30.78717114,14825619026,56905,1623879.917,1315992146
,01/30/2026,30.55329298,15481027669,55502,3569722.563,1259454057
,01/31/2026,30.96152086,12057021113,56892,2830497.962,1298592435
,02/01/2026,30.68627752,8271573761,42203,3793369.473,1307582811
,02/02/2026,33.41872271,11882966401,49118,2630908.992,1349517904
,02/03/2026,32.57882942,13194616189,53846,2441718.018,1368351689
,02/04/2026,35.56021974,12822178095,50715,3304934.658,1412697181
,02/05/2026,33.02058631,24983362953,69476,2980572.712,1402244466
,02/06/2026,32.44525712,16939150650,62454,5594347.165,1377987956
,02/07/2026,31.38943415,6413191570,39993,3213524.306,1371605497
,02/08/2026,32.42555431,3900555119,37546,1590591.146,1397869555
,02/09/2026,31.36887546,6704449464,41204,1140361.742,1404598989
,02/10/2026,28.81390754,5972968205,41218,1376814.61,1334896288
,02/11/2026,29.32797227,7438472626,45762,1349176.163,1343151136
,02/12/2026,30.9078146,6784180137,42955,1788840.928,1375117730
,02/13/2026,31.61751777,5660133339,38996,1578393.375,1410733663
,02/14/2026,31.8912743,2682696716,36147,1196343.689,1426386494
,02/15/2026,30.62767534,3643356112,37811,787601.7286,1404576903
,02/16/2026,31.08411169,3687223062,37107,1020203.882,1405034374
,02/17/2026,29.59817423,5571589526,39228,901873.6797,1386002221
,02/18/2026,28.58965464,4821744854,38898,1247707.157,1351745887
,02/19/2026,29.04516226,4414082116,39984,1246238.993,1374084779
,02/20/2026,30.35065784,6148967915,41187,985555.0777,1364426886
,02/21/2026,29.73259366,1743624406,33913,1342270.781,1396795805
,02/22/2026,28.96829224,1741222570,36614,478046.257,1375061873
,02/23/2026,26.26063343,6778137084,53989,743623.2598,1326075952
,02/24/2026,27.18191035,6432596988,47798,1689943.274,1315568616
,02/25/2026,27.77786372,8755363111,52768,1621047.929,1337911845
,02/26/2026,28.17341462,6244017478,47068,1958509.593,1361904566
,02/27/2026,27.26706748,5579996810,48127,1256289.389,1301628310
,02/28/2026,31.20610359,6622266172,51911,1444236.868,1386862910
,03/01/2026,31.69662857,5242038851,46560,2150812.912,1436417644
,03/02/2026,32.79861664,8479434248,53431,1614518.623,1454080275
,03/03/2026,31.34521791,10125981686,51024,2460725.308,1482915719
,03/04/2026,32.30585763,10371901964,55661,1384226.265,1471299482
,03/05/2026,30.59544899,7508628321,47900,2269555.388,1463092893
,03/06/2026,31.15627539,8083771293,48856,1603312.253,1461508072
,03/07/2026,30.28727631,2927698529,39307,1790724.835,1459219065
,03/08/2026,30.75364196,4638780353,45917,762889.1051,1453927329
,03/09/2026,34.79556738,10284504629,56106,1438907.879,1520788881
,03/10/2026,34.11281446,7740138149,54056,2043979.147,1529414145
,03/11/2026,36.25264603,6715682384,49678,1742611.178,1561597247
,03/12/2026,37.35202574,6946799750,50086,1415420.491,1577841127
,03/13/2026,36.43167213,8065772305,57175,1473620.553,1557137365
,03/14/2026,37.87924115,2596912534,40602,1790341.658,1585365822
,03/15/2026,37.2752104,3914078293,40020,564443.0635,1601249290
,03/16/2026,40.75902248,8612516815,57744,1093781.025,1625381464
,03/17/2026,41.21211454,7051508140,50713,2399188.485,1660727893
,03/18/2026,42.15477524,8543033644,58650,1548611.524,1657188864
,03/19/2026,39.15795146,9688434078,61436,1914594.196,1606571670
,03/20/2026,39.53664368,6714477820,50988,1867924.225,1565796670
,03/21/2026,39.41284512,2217984615,43146,1378490.026,1564855835
,03/22/2026,38.38409166,5051554984,53079,723071.708,1531166756
,03/23/2026,37.1991983,12482798805,64589,1143407.685,1505988227
,03/24/2026,40.35505196,8114203094,52847,2464854.888,1542962619
,03/25/2026,40.26412699,7140047228,54125,1596552.816,1575785062
,03/26/2026,39.04217746,6670256742,55401,1331470.756,1549341622
,03/27/2026,38.5871792,6405091844,54995,1386604.993,1535714938
,03/28/2026,39.45076496,2401269684,39719,1372405.507,1529284511
,03/29/2026,37.82585557,2849291231,42309,589166.2687,1515928155
,03/30/2026,36.76631821,6155893365,57942,783852.3458,1493880366
,03/31/2026,36.55245234,9780089653,60381,1087614.895,1457881711
,04/01/2026,35.98197736,8219402382,54810,1933816.287,1452812853
,04/02/2026,35.20903249,9535423849,57766,1775867.246,1418413286
,04/03/2026,35.59449337,2914080693,36059,1436678.788,1411005818
,04/04/2026,36.46802456,1442400493,29919,735306.1687,1399997036
,04/05/2026,36.92873325,3225496454,35773,411840.5434,1426293625
,04/06/2026,36.33586493,7305100116,47585,949415.4987,1425664679
,04/07/2026,38.70338354,11913210775,54513,1508790.491,1407906315
,04/08/2026,38.73730874,9785477508,49822,2275895.637,1420217004
,04/09/2026,39.43769631,8319397044,45744,1677237.056,1401854861
,04/10/2026,41.5898201,5931679217,43098,1762141.291,1434451555
,04/11/2026,42.25273014,2814731424,36020,1278366.882,1473788965
,04/12/2026,40.84057383,5458897562,43671,906423.6701,1448339692
,04/13/2026,44.31564948,7946205682,49850,1042725.323,1466032552
,04/14/2026,43.50009044,7887213117,51069,1849539.837,1472309222
,04/15/2026,44.63665633,6074155512,42682,1885315.76,1464974515
,04/16/2026,43.86652523,6961037751,45281,1289993.867,1463449117
,04/17/2026,44.55257685,5889581840,46862,1664041.365,1453203529
,04/18/2026,43.85068365,3411002390,39418,1895681.894,1406247833
,04/19/2026,40.64327343,5345553075,43493,819611.8866,1247320540
,04/20/2026,40.59229078,6215911473,43314,1269160.697,1218947106
,04/21/2026,39.8220178,7518270173,43440,1385416.624,1196819296
,04/22/2026,41.20452868,6701643239,50168,1658273.041,1200278705
,04/23/2026,41.27577676,7643658633,46849,1705222.577,1226219373
,04/24/2026,41.13230818,5548887044,40893,1455534.919,1224184650
,04/25/2026,41.4890919,1700299570,29515,967316.2391,1210985466
,04/26/2026,42.53744234,2734118712,34535,444520.2212,1234042643
,04/27/2026,41.59844411,5759242662,47146,796924.2068,1232855780
,04/28/2026,40.09985,5832416836,45543,1252507.034,1221093655
,04/29/2026,39.94540719,7797347238,49739,1053525.396,1227789744
,04/30/2026,39.66852282,6502523683,44023,1718099.11,1217215874
,05/01/2026,41.12841079,6254361027,44142,1028476.8,1217434506
,05/02/2026,41.2936298,1963578518,32051,1348603.83,1244307024
,05/03/2026,41.48804439,2987295669,35011,565073.6364,1297022312
,05/04/2026,41.80874228,8130555682,49146,756087.6205,1294465747
,05/05/2026,43.69117426,7347165080,50240,2004241.213,1280357543
,05/06/2026,43.02072947,9583846717,54723,1668768.293,1279171584
,05/07/2026,42.5043512,8647707825,49712,1974542.842,1272213257
,05/08/2026,43.1708992,6722956687,46277,1538477.517,1287269919
,05/09/2026,42.94749406,2900831833,37615,1318914.543,1284178347
,05/10/2026,43.09429901,555770980.4,14562,844895.4641,753646604
,05/11/2026,42.02,,,,